No.,Time,Source,Destination,Protocol,Length
1,0.000000000,192.168.45.2,192.168.45.4,IPv4,1514
2,0.001535000,192.168.45.2,192.168.45.4,IPv4,1514
3,0.002330000,192.168.45.2,192.168.45.4,IPv4,1514
4,0.003867000,192.168.45.2,192.168.45.4,IPv4,1514
5,0.006157000,192.168.45.2,192.168.45.4,IPv4,1514
6,0.007701000,192.168.45.2,192.168.45.4,IPv4,1514
7,0.009243000,192.168.45.2,192.168.45.4,IPv4,1514
8,0.010031000,192.168.45.2,192.168.45.4,IPv4,1514
9,0.011571000,192.168.45.2,192.168.45.4,IPv4,1514
10,0.012503000,192.168.45.2,192.168.45.4,UDP,315
11,0.014023000,192.168.45.2,192.168.45.4,IPv4,1514
12,0.014811000,192.168.45.2,192.168.45.4,IPv4,1514
13,0.017103000,192.168.45.2,192.168.45.4,IPv4,1514
14,0.017900000,192.168.45.2,192.168.45.4,IPv4,1514
15,0.018684000,192.168.45.2,192.168.45.4,IPv4,1514
16,0.020977000,192.168.45.2,192.168.45.4,IPv4,1514
17,0.023270000,192.168.45.2,192.168.45.4,IPv4,1514
18,0.024054000,192.168.45.2,192.168.45.4,IPv4,1514
19,0.025599000,192.168.45.2,192.168.45.4,IPv4,1514
20,0.027143000,192.168.45.2,192.168.45.4,IPv4,1514
21,0.028978000,192.168.45.2,192.168.45.4,UDP,625
22,0.029745000,192.168.45.2,192.168.45.4,IPv4,1514
23,0.031287000,192.168.45.2,192.168.45.4,IPv4,1514
24,0.035078000,192.168.45.2,192.168.45.4,IPv4,1514
25,0.036620000,192.168.45.2,192.168.45.4,IPv4,1514
26,0.038158000,192.168.45.2,192.168.45.4,IPv4,1514
27,0.039702000,192.168.45.2,192.168.45.4,IPv4,1514
28,0.041992000,192.168.45.2,192.168.45.4,IPv4,1514
29,0.044282000,192.168.45.2,192.168.45.4,IPv4,1514
30,0.046574000,192.168.45.2,192.168.45.4,IPv4,1514
31,0.048111000,192.168.45.2,192.168.45.4,IPv4,1514
32,0.051152000,192.168.45.2,192.168.45.4,IPv4,1514
33,0.051945000,192.168.45.2,192.168.45.4,IPv4,1514
34,0.054987000,192.168.45.2,192.168.45.4,IPv4,1514
35,0.056529000,192.168.45.2,192.168.45.4,IPv4,1514
36,0.057318000,192.168.45.2,192.168.45.4,IPv4,1514
37,0.058862000,192.168.45.2,192.168.45.4,IPv4,1514
38,0.061894000,192.168.45.2,192.168.45.4,IPv4,1514
39,0.062688000,192.168.45.2,192.168.45.4,IPv4,1514
40,0.064234000,192.168.45.2,192.168.45.4,IPv4,1514
51,0.286389000,192.168.45.2,192.168.45.4,IPv4,1514
52,0.288681000,192.168.45.2,192.168.45.4,IPv4,1514
53,0.290973000,192.168.45.2,192.168.45.4,IPv4,1514
54,0.293258000,192.168.45.2,192.168.45.4,IPv4,1514
55,0.295550000,192.168.45.2,192.168.45.4,IPv4,1514
56,0.296344000,192.168.45.2,192.168.45.4,IPv4,1514
69,0.481267000,192.168.45.2,192.168.45.4,IPv4,1514
81,0.627945000,192.168.45.2,192.168.45.4,IPv4,1514
82,0.630237000,192.168.45.2,192.168.45.4,IPv4,1514
83,0.632528000,192.168.45.2,192.168.45.4,IPv4,1514
84,0.634066000,192.168.45.2,192.168.45.4,IPv4,1514
85,0.635609000,192.168.45.2,192.168.45.4,IPv4,1514
86,0.637150000,192.168.45.2,192.168.45.4,IPv4,1514
87,0.638689000,192.168.45.2,192.168.45.4,IPv4,1514
88,0.640981000,192.168.45.2,192.168.45.4,IPv4,1514
89,0.642521000,192.168.45.2,192.168.45.4,IPv4,1514
90,0.643311000,192.168.45.2,192.168.45.4,IPv4,1514
91,0.644855000,192.168.45.2,192.168.45.4,IPv4,1514
92,0.647894000,192.168.45.2,192.168.45.4,IPv4,1514
93,0.649437000,192.168.45.2,192.168.45.4,IPv4,1514
94,0.649571000,192.168.45.2,192.168.45.4,UDP,226
95,0.650343000,192.168.45.2,192.168.45.4,IPv4,1514
96,0.652630000,192.168.45.2,192.168.45.4,IPv4,1514
97,0.653425000,192.168.45.2,192.168.45.4,IPv4,1514
98,0.655715000,192.168.45.2,192.168.45.4,IPv4,1514
99,0.658009000,192.168.45.2,192.168.45.4,IPv4,1514
100,0.660299000,192.168.45.2,192.168.45.4,IPv4,1514
101,0.662587000,192.168.45.2,192.168.45.4,IPv4,1514
102,0.663381000,192.168.45.2,192.168.45.4,IPv4,1514
103,0.665672000,192.168.45.2,192.168.45.4,IPv4,1514
104,0.667212000,192.168.45.2,192.168.45.4,IPv4,1514
105,0.668512000,192.168.45.2,192.168.45.4,UDP,1045
106,0.669275000,192.168.45.2,192.168.45.4,IPv4,1514
121,1.041057000,192.168.45.2,192.168.45.4,IPv4,1514
122,1.043349000,192.168.45.2,192.168.45.4,IPv4,1514
123,1.044139000,192.168.45.2,192.168.45.4,IPv4,1514
124,1.045679000,192.168.45.2,192.168.45.4,IPv4,1514
125,1.047224000,192.168.45.2,192.168.45.4,IPv4,1514
126,1.048012000,192.168.45.2,192.168.45.4,IPv4,1514
127,1.048805000,192.168.45.2,192.168.45.4,IPv4,1514
128,1.051093000,192.168.45.2,192.168.45.4,IPv4,1514
129,1.053384000,192.168.45.2,192.168.45.4,IPv4,1514
130,1.054178000,192.168.45.2,192.168.45.4,IPv4,1514
142,1.314710000,192.168.45.2,192.168.45.4,IPv4,1514
143,1.317001000,192.168.45.2,192.168.45.4,IPv4,1514
144,1.319287000,192.168.45.2,192.168.45.4,IPv4,1514
158,1.479450000,192.168.45.2,192.168.45.4,IPv4,1514
170,1.640512000,192.168.45.2,192.168.45.4,IPv4,1514
171,1.641300000,192.168.45.2,192.168.45.4,IPv4,1514
172,1.642094000,192.168.45.2,192.168.45.4,IPv4,1514
173,1.644398000,192.168.45.2,192.168.45.4,IPv4,1514
174,1.645213000,192.168.45.2,192.168.45.4,IPv4,1514
175,1.647465000,192.168.45.2,192.168.45.4,IPv4,1514
176,1.649007000,192.168.45.2,192.168.45.4,IPv4,1514
177,1.649798000,192.168.45.2,192.168.45.4,IPv4,1514
178,1.650591000,192.168.45.2,192.168.45.4,IPv4,1514
179,1.651379000,192.168.45.2,192.168.45.4,IPv4,1514
180,1.653672000,192.168.45.2,192.168.45.4,IPv4,1514
181,1.654460000,192.168.45.2,192.168.45.4,IPv4,1514
182,1.656751000,192.168.45.2,192.168.45.4,IPv4,1514
183,1.658382000,192.168.45.2,192.168.45.4,UDP,223
184,1.659156000,192.168.45.2,192.168.45.4,IPv4,1514
185,1.659944000,192.168.45.2,192.168.45.4,IPv4,1514
186,1.660736000,192.168.45.2,192.168.45.4,IPv4,1514
187,1.662275000,192.168.45.2,192.168.45.4,IPv4,1514
188,1.664573000,192.168.45.2,192.168.45.4,IPv4,1514
189,1.665361000,192.168.45.2,192.168.45.4,IPv4,1514
190,1.666147000,192.168.45.2,192.168.45.4,IPv4,1514
191,1.666943000,192.168.45.2,192.168.45.4,IPv4,1514
192,1.668486000,192.168.45.2,192.168.45.4,IPv4,1514
193,1.670777000,192.168.45.2,192.168.45.4,IPv4,1514
194,1.673145000,192.168.45.2,192.168.45.4,UDP,199
195,1.673918000,192.168.45.2,192.168.45.4,IPv4,1514
196,1.675459000,192.168.45.2,192.168.45.4,IPv4,1514
197,1.676248000,192.168.45.2,192.168.45.4,IPv4,1514
198,1.677040000,192.168.45.2,192.168.45.4,IPv4,1514
199,1.678578000,192.168.45.2,192.168.45.4,IPv4,1514
200,1.679372000,192.168.45.2,192.168.45.4,IPv4,1514
201,1.682412000,192.168.45.2,192.168.45.4,IPv4,1514
202,1.684707000,192.168.45.2,192.168.45.4,IPv4,1514
203,1.685491000,192.168.45.2,192.168.45.4,IPv4,1514
204,1.686285000,192.168.45.2,192.168.45.4,IPv4,1514
205,1.689327000,192.168.45.2,192.168.45.4,IPv4,1514
206,1.690870000,192.168.45.2,192.168.45.4,IPv4,1514
207,1.691656000,192.168.45.2,192.168.45.4,IPv4,1514
208,1.692561000,192.168.45.2,192.168.45.4,UDP,262
209,1.693339000,192.168.45.2,192.168.45.4,IPv4,1514
210,1.694871000,192.168.45.2,192.168.45.4,IPv4,1514
211,1.695664000,192.168.45.2,192.168.45.4,IPv4,1514
212,1.697958000,192.168.45.2,192.168.45.4,IPv4,1514
213,1.699493000,192.168.45.2,192.168.45.4,IPv4,1514
214,1.700288000,192.168.45.2,192.168.45.4,IPv4,1514
215,1.701076000,192.168.45.2,192.168.45.4,IPv4,1514
216,1.703368000,192.168.45.2,192.168.45.4,IPv4,1514
217,1.704163000,192.168.45.2,192.168.45.4,IPv4,1514
218,1.705700000,192.168.45.2,192.168.45.4,IPv4,1514
219,1.706494000,192.168.45.2,192.168.45.4,IPv4,1514
220,1.708030000,192.168.45.2,192.168.45.4,IPv4,1514
221,1.709927000,192.168.45.2,192.168.45.4,UDP,737
222,1.710716000,192.168.45.2,192.168.45.4,IPv4,1514
223,1.711511000,192.168.45.2,192.168.45.4,IPv4,1514
224,1.712276000,192.168.45.2,192.168.45.4,IPv4,1514
225,1.713819000,192.168.45.2,192.168.45.4,IPv4,1514
226,1.716860000,192.168.45.2,192.168.45.4,IPv4,1514
227,1.718397000,192.168.45.2,192.168.45.4,IPv4,1514
228,1.719940000,192.168.45.2,192.168.45.4,IPv4,1514
229,1.720732000,192.168.45.2,192.168.45.4,IPv4,1514
244,2.435117000,192.168.45.2,192.168.45.4,IPv4,1514
245,2.436659000,192.168.45.2,192.168.45.4,IPv4,1514
246,2.438945000,192.168.45.2,192.168.45.4,IPv4,1514
247,2.440489000,192.168.45.2,192.168.45.4,IPv4,1514
248,2.443531000,192.168.45.2,192.168.45.4,IPv4,1514
249,2.444322000,192.168.45.2,192.168.45.4,IPv4,1514
250,2.445112000,192.168.45.2,192.168.45.4,IPv4,1514
251,2.446653000,192.168.45.2,192.168.45.4,IPv4,1514
252,2.448194000,192.168.45.2,192.168.45.4,IPv4,1514
253,2.449734000,192.168.45.2,192.168.45.4,IPv4,1514
254,2.449903000,192.168.45.2,192.168.45.4,UDP,297
255,2.451426000,192.168.45.2,192.168.45.4,IPv4,1514
256,2.452219000,192.168.45.2,192.168.45.4,IPv4,1514
257,2.453757000,192.168.45.2,192.168.45.4,IPv4,1514
258,2.456801000,192.168.45.2,192.168.45.4,IPv4,1514
259,2.459088000,192.168.45.2,192.168.45.4,IPv4,1514
272,2.775230000,192.168.45.2,192.168.45.4,IPv4,1514
273,2.776772000,192.168.45.2,192.168.45.4,IPv4,1514
274,2.778316000,192.168.45.2,192.168.45.4,IPv4,1514
275,2.779103000,192.168.45.2,192.168.45.4,IPv4,1514
276,2.780646000,192.168.45.2,192.168.45.4,IPv4,1514
277,2.781434000,192.168.45.2,192.168.45.4,IPv4,1514
278,2.783727000,192.168.45.2,192.168.45.4,IPv4,1514
279,2.784513000,192.168.45.2,192.168.45.4,IPv4,1514
280,2.785316000,192.168.45.2,192.168.45.4,IPv4,1514
281,2.786852000,192.168.45.2,192.168.45.4,IPv4,1514
282,2.788389000,192.168.45.2,192.168.45.4,IPv4,1514
283,2.789934000,192.168.45.2,192.168.45.4,IPv4,1514
284,2.791473000,192.168.45.2,192.168.45.4,IPv4,1514
285,2.793011000,192.168.45.2,192.168.45.4,IPv4,1514
286,2.793804000,192.168.45.2,192.168.45.4,IPv4,1514
287,2.795696000,192.168.45.2,192.168.45.4,UDP,728
288,2.796463000,192.168.45.2,192.168.45.4,IPv4,1514
289,2.799504000,192.168.45.2,192.168.45.4,IPv4,1514
290,2.801042000,192.168.45.2,192.168.45.4,IPv4,1514
291,2.801835000,192.168.45.2,192.168.45.4,IPv4,1514
292,2.803373000,192.168.45.2,192.168.45.4,IPv4,1514
293,2.805665000,192.168.45.2,192.168.45.4,IPv4,1514
294,2.807243000,192.168.45.2,192.168.45.4,IPv4,1514
295,2.809497000,192.168.45.2,192.168.45.4,IPv4,1514
296,2.810286000,192.168.45.2,192.168.45.4,IPv4,1514
297,2.811831000,192.168.45.2,192.168.45.4,IPv4,1514
298,2.813371000,192.168.45.2,192.168.45.4,IPv4,1514
299,2.814912000,192.168.45.2,192.168.45.4,IPv4,1514
300,2.816454000,192.168.45.2,192.168.45.4,IPv4,1514
301,2.816508000,192.168.45.2,192.168.45.4,UDP,70
302,2.817280000,192.168.45.2,192.168.45.4,IPv4,1514
303,2.819572000,192.168.45.2,192.168.45.4,IPv4,1514
304,2.820359000,192.168.45.2,192.168.45.4,IPv4,1514
305,2.821153000,192.168.45.2,192.168.45.4,IPv4,1514
306,2.821943000,192.168.45.2,192.168.45.4,IPv4,1514
307,2.824982000,192.168.45.2,192.168.45.4,IPv4,1514
308,2.828028000,192.168.45.2,192.168.45.4,IPv4,1514
309,2.830315000,192.168.45.2,192.168.45.4,IPv4,1514
310,2.832642000,192.168.45.2,192.168.45.4,IPv4,1514
311,2.834150000,192.168.45.2,192.168.45.4,IPv4,1514
312,2.835691000,192.168.45.2,192.168.45.4,IPv4,1514
313,2.837107000,192.168.45.2,192.168.45.4,UDP,1271
314,2.838618000,192.168.45.2,192.168.45.4,IPv4,1514
315,2.840160000,192.168.45.2,192.168.45.4,IPv4,1514
316,2.841698000,192.168.45.2,192.168.45.4,IPv4,1514
317,2.843228000,192.168.45.2,192.168.45.4,IPv4,1514
318,2.844786000,192.168.45.2,192.168.45.4,IPv4,1514
319,2.846327000,192.168.45.2,192.168.45.4,IPv4,1514
320,2.848611000,192.168.45.2,192.168.45.4,IPv4,1514
321,2.850156000,192.168.45.2,192.168.45.4,IPv4,1514
322,2.850949000,192.168.45.2,192.168.45.4,IPv4,1514
323,2.852487000,192.168.45.2,192.168.45.4,IPv4,1514
324,2.855540000,192.168.45.2,192.168.45.4,IPv4,1514
325,2.858565000,192.168.45.2,192.168.45.4,IPv4,1514
326,2.860487000,192.168.45.2,192.168.45.4,UDP,788
327,2.861255000,192.168.45.2,192.168.45.4,IPv4,1514
328,2.862047000,192.168.45.2,192.168.45.4,IPv4,1514
329,2.863584000,192.168.45.2,192.168.45.4,IPv4,1514
330,2.864379000,192.168.45.2,192.168.45.4,IPv4,1514
331,2.866669000,192.168.45.2,192.168.45.4,IPv4,1514
332,2.867459000,192.168.45.2,192.168.45.4,IPv4,1514
333,2.869749000,192.168.45.2,192.168.45.4,IPv4,1514
334,2.871295000,192.168.45.2,192.168.45.4,IPv4,1514
335,2.872830000,192.168.45.2,192.168.45.4,IPv4,1514
336,2.875120000,192.168.45.2,192.168.45.4,IPv4,1514
337,2.876664000,192.168.45.2,192.168.45.4,IPv4,1514
338,2.878201000,192.168.45.2,192.168.45.4,IPv4,1514
339,2.880498000,192.168.45.2,192.168.45.4,IPv4,1514
340,2.882036000,192.168.45.2,192.168.45.4,IPv4,1514
341,2.884327000,192.168.45.2,192.168.45.4,IPv4,1514
342,2.886259000,192.168.45.2,192.168.45.4,UDP,808
343,2.887024000,192.168.45.2,192.168.45.4,IPv4,1514
344,2.888569000,192.168.45.2,192.168.45.4,IPv4,1514
345,2.890853000,192.168.45.2,192.168.45.4,IPv4,1514
359,3.752561000,192.168.45.2,192.168.45.4,IPv4,1514
360,3.754106000,192.168.45.2,192.168.45.4,IPv4,1514
361,3.755642000,192.168.45.2,192.168.45.4,IPv4,1514
362,3.757185000,192.168.45.2,192.168.45.4,IPv4,1514
363,3.757973000,192.168.45.2,192.168.45.4,IPv4,1514
364,3.759516000,192.168.45.2,192.168.45.4,IPv4,1514
365,3.761057000,192.168.45.2,192.168.45.4,IPv4,1514
366,3.763351000,192.168.45.2,192.168.45.4,IPv4,1514
367,3.764887000,192.168.45.2,192.168.45.4,IPv4,1514
368,3.767174000,192.168.45.2,192.168.45.4,IPv4,1514
369,3.769470000,192.168.45.2,192.168.45.4,IPv4,1514
370,3.770269000,192.168.45.2,192.168.45.4,IPv4,1514
371,3.771800000,192.168.45.2,192.168.45.4,IPv4,1514
372,3.774841000,192.168.45.2,192.168.45.4,IPv4,1514
373,3.775636000,192.168.45.2,192.168.45.4,IPv4,1514
374,3.776893000,192.168.45.2,192.168.45.4,UDP,976
375,3.779167000,192.168.45.2,192.168.45.4,IPv4,1514
376,3.779953000,192.168.45.2,192.168.45.4,IPv4,1514
377,3.780748000,192.168.45.2,192.168.45.4,IPv4,1514
391,4.124794000,192.168.45.2,192.168.45.4,IPv4,1514
392,4.125588000,192.168.45.2,192.168.45.4,IPv4,1514
393,4.127125000,192.168.45.2,192.168.45.4,IPv4,1514
394,4.128668000,192.168.45.2,192.168.45.4,IPv4,1514
395,4.129458000,192.168.45.2,192.168.45.4,IPv4,1514
396,4.130253000,192.168.45.2,192.168.45.4,IPv4,1514
397,4.131039000,192.168.45.2,192.168.45.4,IPv4,1514
398,4.131833000,192.168.45.2,192.168.45.4,IPv4,1514
399,4.132620000,192.168.45.2,192.168.45.4,IPv4,1514
400,4.134914000,192.168.45.2,192.168.45.4,IPv4,1514
401,4.136014000,192.168.45.2,192.168.45.4,UDP,652
402,4.136784000,192.168.45.2,192.168.45.4,IPv4,1514
403,4.139074000,192.168.45.2,192.168.45.4,IPv4,1514
404,4.139863000,192.168.45.2,192.168.45.4,IPv4,1514
405,4.141406000,192.168.45.2,192.168.45.4,IPv4,1514
406,4.142947000,192.168.45.2,192.168.45.4,IPv4,1514
407,4.143736000,192.168.45.2,192.168.45.4,IPv4,1514
408,4.144530000,192.168.45.2,192.168.45.4,IPv4,1514
409,4.146067000,192.168.45.2,192.168.45.4,IPv4,1514
410,4.146861000,192.168.45.2,192.168.45.4,IPv4,1514
411,4.149153000,192.168.45.2,192.168.45.4,IPv4,1514
412,4.149941000,192.168.45.2,192.168.45.4,IPv4,1514
413,4.150734000,192.168.45.2,192.168.45.4,IPv4,1514
414,4.151042000,192.168.45.2,192.168.45.4,UDP,572
415,4.153314000,192.168.45.2,192.168.45.4,IPv4,1514
416,4.154102000,192.168.45.2,192.168.45.4,IPv4,1514
417,4.156404000,192.168.45.2,192.168.45.4,IPv4,1514
418,4.157937000,192.168.45.2,192.168.45.4,IPv4,1514
419,4.159474000,192.168.45.2,192.168.45.4,IPv4,1514
420,4.160268000,192.168.45.2,192.168.45.4,IPv4,1514
421,4.162560000,192.168.45.2,192.168.45.4,IPv4,1514
422,4.164850000,192.168.45.2,192.168.45.4,IPv4,1514
423,4.165639000,192.168.45.2,192.168.45.4,IPv4,1514
424,4.166433000,192.168.45.2,192.168.45.4,IPv4,1514
425,4.167221000,192.168.45.2,192.168.45.4,IPv4,1514
426,4.168015000,192.168.45.2,192.168.45.4,IPv4,1514
427,4.170301000,192.168.45.2,192.168.45.4,IPv4,1514
428,4.172593000,192.168.45.2,192.168.45.4,IPv4,1514
429,4.173386000,192.168.45.2,192.168.45.4,IPv4,1514
430,4.174503000,192.168.45.2,192.168.45.4,UDP,686
431,4.176021000,192.168.45.2,192.168.45.4,IPv4,1514
432,4.178312000,192.168.45.2,192.168.45.4,IPv4,1514
433,4.182101000,192.168.45.2,192.168.45.4,IPv4,1514
434,4.182895000,192.168.45.2,192.168.45.4,IPv4,1514
435,4.185186000,192.168.45.2,192.168.45.4,IPv4,1514
436,4.185974000,192.168.45.2,192.168.45.4,IPv4,1514
437,4.186768000,192.168.45.2,192.168.45.4,IPv4,1514
438,4.189059000,192.168.45.2,192.168.45.4,IPv4,1514
439,4.189848000,192.168.45.2,192.168.45.4,IPv4,1514
440,4.193654000,192.168.45.2,192.168.45.4,IPv4,1514
441,4.194744000,192.168.45.2,192.168.45.4,UDP,660
442,4.195513000,192.168.45.2,192.168.45.4,IPv4,1514
443,4.196301000,192.168.45.2,192.168.45.4,IPv4,1514
444,4.199345000,192.168.45.2,192.168.45.4,IPv4,1514
445,4.200883000,192.168.45.2,192.168.45.4,IPv4,1514
446,4.202426000,192.168.45.2,192.168.45.4,IPv4,1514
447,4.203215000,192.168.45.2,192.168.45.4,IPv4,1514
448,4.204009000,192.168.45.2,192.168.45.4,IPv4,1514
449,4.205551000,192.168.45.2,192.168.45.4,IPv4,1514
450,4.208592000,192.168.45.2,192.168.45.4,IPv4,1514
451,4.210129000,192.168.45.2,192.168.45.4,IPv4,1514
452,4.211672000,192.168.45.2,192.168.45.4,IPv4,1514
453,4.212466000,192.168.45.2,192.168.45.4,IPv4,1514
465,4.983680000,192.168.45.2,192.168.45.4,IPv4,1514
466,4.985221000,192.168.45.2,192.168.45.4,IPv4,1514
467,4.986010000,192.168.45.2,192.168.45.4,IPv4,1514
468,4.987552000,192.168.45.2,192.168.45.4,IPv4,1514
469,4.989095000,192.168.45.2,192.168.45.4,IPv4,1514
470,4.991382000,192.168.45.2,192.168.45.4,IPv4,1514
471,4.992924000,192.168.45.2,192.168.45.4,IPv4,1514
472,4.993718000,192.168.45.2,192.168.45.4,IPv4,1514
473,4.996005000,192.168.45.2,192.168.45.4,IPv4,1514
474,4.997547000,192.168.45.2,192.168.45.4,IPv4,1514
475,4.999091000,192.168.45.2,192.168.45.4,IPv4,1514
476,4.999879000,192.168.45.2,192.168.45.4,IPv4,1514
477,5.002084000,192.168.45.2,192.168.45.4,UDP,1340
478,5.003595000,192.168.45.2,192.168.45.4,IPv4,1514
479,5.005137000,192.168.45.2,192.168.45.4,IPv4,1514
480,5.006673000,192.168.45.2,192.168.45.4,IPv4,1514
481,5.007468000,192.168.45.2,192.168.45.4,IPv4,1514
482,5.009005000,192.168.45.2,192.168.45.4,IPv4,1514
483,5.009814000,192.168.45.2,192.168.45.4,IPv4,1514
484,5.012090000,192.168.45.2,192.168.45.4,IPv4,1514
485,5.012881000,192.168.45.2,192.168.45.4,IPv4,1514
486,5.014415000,192.168.45.2,192.168.45.4,IPv4,1514
487,5.016714000,192.168.45.2,192.168.45.4,IPv4,1514
488,5.018301000,192.168.45.2,192.168.45.4,UDP,141
489,5.019075000,192.168.45.2,192.168.45.4,IPv4,1514
490,5.019870000,192.168.45.2,192.168.45.4,IPv4,1514
491,5.020655000,192.168.45.2,192.168.45.4,IPv4,1514
492,5.021448000,192.168.45.2,192.168.45.4,IPv4,1514
493,5.022986000,192.168.45.2,192.168.45.4,IPv4,1514
494,5.023780000,192.168.45.2,192.168.45.4,IPv4,1514
495,5.025323000,192.168.45.2,192.168.45.4,IPv4,1514
496,5.026861000,192.168.45.2,192.168.45.4,IPv4,1514
497,5.028402000,192.168.45.2,192.168.45.4,IPv4,1514
498,5.029191000,192.168.45.2,192.168.45.4,IPv4,1514
499,5.030736000,192.168.45.2,192.168.45.4,IPv4,1514
500,5.031531000,192.168.45.2,192.168.45.4,IPv4,1514
501,5.032240000,192.168.45.2,192.168.45.4,UDP,1370
502,5.033005000,192.168.45.2,192.168.45.4,IPv4,1514
503,5.033795000,192.168.45.2,192.168.45.4,IPv4,1514
504,5.035337000,192.168.45.2,192.168.45.4,IPv4,1514
505,5.036874000,192.168.45.2,192.168.45.4,IPv4,1514
506,5.039165000,192.168.45.2,192.168.45.4,IPv4,1514
507,5.039960000,192.168.45.2,192.168.45.4,IPv4,1514
508,5.041497000,192.168.45.2,192.168.45.4,IPv4,1514
509,5.043039000,192.168.45.2,192.168.45.4,IPv4,1514
510,5.043834000,192.168.45.2,192.168.45.4,IPv4,1514
511,5.046122000,192.168.45.2,192.168.45.4,IPv4,1514
512,5.049165000,192.168.45.2,192.168.45.4,IPv4,1514
513,5.050703000,192.168.45.2,192.168.45.4,IPv4,1514
514,5.052246000,192.168.45.2,192.168.45.4,IPv4,1514
515,5.052567000,192.168.45.2,192.168.45.4,UDP,594
516,5.053337000,192.168.45.2,192.168.45.4,IPv4,1514
517,5.054126000,192.168.45.2,192.168.45.4,IPv4,1514
518,5.055668000,192.168.45.2,192.168.45.4,IPv4,1514
519,5.056455000,192.168.45.2,192.168.45.4,IPv4,1514
520,5.057998000,192.168.45.2,192.168.45.4,IPv4,1514
521,5.059541000,192.168.45.2,192.168.45.4,IPv4,1514
522,5.060329000,192.168.45.2,192.168.45.4,IPv4,1514
523,5.061114000,192.168.45.2,192.168.45.4,IPv4,1514
524,5.064163000,192.168.45.2,192.168.45.4,IPv4,1514
525,5.065702000,192.168.45.2,192.168.45.4,IPv4,1514
526,5.067243000,192.168.45.2,192.168.45.4,IPv4,1514
527,5.068786000,192.168.45.2,192.168.45.4,IPv4,1514
528,5.069478000,192.168.45.2,192.168.45.4,UDP,1326
529,5.072492000,192.168.45.2,192.168.45.4,IPv4,1514
530,5.075531000,192.168.45.2,192.168.45.4,IPv4,1514
531,5.077822000,192.168.45.2,192.168.45.4,IPv4,1514
532,5.078611000,192.168.45.2,192.168.45.4,IPv4,1514
533,5.080154000,192.168.45.2,192.168.45.4,IPv4,1514
534,5.083194000,192.168.45.2,192.168.45.4,IPv4,1514
535,5.084737000,192.168.45.2,192.168.45.4,IPv4,1514
536,5.085527000,192.168.45.2,192.168.45.4,IPv4,1514
537,5.086321000,192.168.45.2,192.168.45.4,IPv4,1514
538,5.088611000,192.168.45.2,192.168.45.4,IPv4,1514
539,5.088696000,192.168.45.2,192.168.45.4,UDP,134
540,5.089470000,192.168.45.2,192.168.45.4,IPv4,1514
541,5.090260000,192.168.45.2,192.168.45.4,IPv4,1514
542,5.091795000,192.168.45.2,192.168.45.4,IPv4,1514
543,5.092593000,192.168.45.2,192.168.45.4,IPv4,1514
544,5.094131000,192.168.45.2,192.168.45.4,IPv4,1514
545,5.095674000,192.168.45.2,192.168.45.4,IPv4,1514
546,5.097216000,192.168.45.2,192.168.45.4,IPv4,1514
547,5.098004000,192.168.45.2,192.168.45.4,IPv4,1514
548,5.100296000,192.168.45.2,192.168.45.4,IPv4,1514
549,5.102590000,192.168.45.2,192.168.45.4,IPv4,1514
550,5.104130000,192.168.45.2,192.168.45.4,IPv4,1514
551,5.106422000,192.168.45.2,192.168.45.4,IPv4,1514
552,5.107109000,192.168.45.2,192.168.45.4,UDP,1317
553,5.108619000,192.168.45.2,192.168.45.4,IPv4,1514
554,5.109411000,192.168.45.2,192.168.45.4,IPv4,1514
555,5.110201000,192.168.45.2,192.168.45.4,IPv4,1514
582,6.195289000,192.168.45.2,192.168.45.4,IPv4,1514
583,6.197579000,192.168.45.2,192.168.45.4,IPv4,1514
584,6.198372000,192.168.45.2,192.168.45.4,IPv4,1514
585,6.199910000,192.168.45.2,192.168.45.4,IPv4,1514
586,6.203704000,192.168.45.2,192.168.45.4,IPv4,1514
599,6.501132000,192.168.45.2,192.168.45.4,IPv4,1514
600,6.503422000,192.168.45.2,192.168.45.4,IPv4,1514
601,6.504212000,192.168.45.2,192.168.45.4,IPv4,1514
602,6.505007000,192.168.45.2,192.168.45.4,IPv4,1514
603,6.506547000,192.168.45.2,192.168.45.4,IPv4,1514
604,6.508085000,192.168.45.2,192.168.45.4,IPv4,1514
605,6.511125000,192.168.45.2,192.168.45.4,IPv4,1514
606,6.511919000,192.168.45.2,192.168.45.4,IPv4,1514
607,6.512707000,192.168.45.2,192.168.45.4,IPv4,1514
608,6.513501000,192.168.45.2,192.168.45.4,IPv4,1514
609,6.515044000,192.168.45.2,192.168.45.4,IPv4,1514
610,6.517330000,192.168.45.2,192.168.45.4,IPv4,1514
611,6.518659000,192.168.45.2,192.168.45.4,UDP,1099
612,6.520172000,192.168.45.2,192.168.45.4,IPv4,1514
613,6.523219000,192.168.45.2,192.168.45.4,IPv4,1514
614,6.524007000,192.168.45.2,192.168.45.4,IPv4,1514
615,6.524797000,192.168.45.2,192.168.45.4,IPv4,1514
616,6.526337000,192.168.45.2,192.168.45.4,IPv4,1514
617,6.529376000,192.168.45.2,192.168.45.4,IPv4,1514
618,6.530172000,192.168.45.2,192.168.45.4,IPv4,1514
619,6.533212000,192.168.45.2,192.168.45.4,IPv4,1514
620,6.534754000,192.168.45.2,192.168.45.4,IPv4,1514
621,6.537795000,192.168.45.2,192.168.45.4,IPv4,1514
622,6.538582000,192.168.45.2,192.168.45.4,IPv4,1514
623,6.540127000,192.168.45.2,192.168.45.4,IPv4,1514
624,6.541447000,192.168.45.2,192.168.45.4,UDP,1069
625,6.542203000,192.168.45.2,192.168.45.4,IPv4,1514
626,6.542992000,192.168.45.2,192.168.45.4,IPv4,1514
627,6.545284000,192.168.45.2,192.168.45.4,IPv4,1514
628,6.547575000,192.168.45.2,192.168.45.4,IPv4,1514
629,6.549117000,192.168.45.2,192.168.45.4,IPv4,1514
630,6.549905000,192.168.45.2,192.168.45.4,IPv4,1514
631,6.551449000,192.168.45.2,192.168.45.4,IPv4,1514
632,6.552238000,192.168.45.2,192.168.45.4,IPv4,1514
633,6.553031000,192.168.45.2,192.168.45.4,IPv4,1514
634,6.554569000,192.168.45.2,192.168.45.4,IPv4,1514
635,6.556112000,192.168.45.2,192.168.45.4,IPv4,1514
636,6.558403000,192.168.45.2,192.168.45.4,IPv4,1514
637,6.559450000,192.168.45.2,192.168.45.4,UDP,557
638,6.560974000,192.168.45.2,192.168.45.4,IPv4,1514
639,6.562514000,192.168.45.2,192.168.45.4,IPv4,1514
640,6.564056000,192.168.45.2,192.168.45.4,IPv4,1514
641,6.565594000,192.168.45.2,192.168.45.4,IPv4,1514
642,6.566388000,192.168.45.2,192.168.45.4,IPv4,1514
643,6.567177000,192.168.45.2,192.168.45.4,IPv4,1514
644,6.567970000,192.168.45.2,192.168.45.4,IPv4,1514
645,6.569512000,192.168.45.2,192.168.45.4,IPv4,1514
646,6.570301000,192.168.45.2,192.168.45.4,IPv4,1514
647,6.571845000,192.168.45.2,192.168.45.4,IPv4,1514
648,6.573381000,192.168.45.2,192.168.45.4,IPv4,1514
649,6.574175000,192.168.45.2,192.168.45.4,IPv4,1514
650,6.576249000,192.168.45.2,192.168.45.4,UDP,1090
651,6.577762000,192.168.45.2,192.168.45.4,IPv4,1514
652,6.580804000,192.168.45.2,192.168.45.4,IPv4,1514
666,7.274213000,192.168.45.2,192.168.45.4,IPv4,1514
667,7.275748000,192.168.45.2,192.168.45.4,IPv4,1514
668,7.277290000,192.168.45.2,192.168.45.4,IPv4,1514
669,7.279583000,192.168.45.2,192.168.45.4,IPv4,1514
670,7.282623000,192.168.45.2,192.168.45.4,IPv4,1514
671,7.284165000,192.168.45.2,192.168.45.4,IPv4,1514
672,7.285702000,192.168.45.2,192.168.45.4,IPv4,1514
673,7.287245000,192.168.45.2,192.168.45.4,IPv4,1514
674,7.288788000,192.168.45.2,192.168.45.4,IPv4,1514
675,7.289576000,192.168.45.2,192.168.45.4,IPv4,1514
676,7.291119000,192.168.45.2,192.168.45.4,IPv4,1514
677,7.293410000,192.168.45.2,192.168.45.4,IPv4,1514
678,7.294201000,192.168.45.2,192.168.45.4,IPv4,1514
679,7.295280000,192.168.45.2,192.168.45.4,UDP,607
680,7.296046000,192.168.45.2,192.168.45.4,IPv4,1514
681,7.297586000,192.168.45.2,192.168.45.4,IPv4,1514
682,7.298379000,192.168.45.2,192.168.45.4,IPv4,1514
683,7.299919000,192.168.45.2,192.168.45.4,IPv4,1514
684,7.302211000,192.168.45.2,192.168.45.4,IPv4,1514
701,7.643472000,192.168.45.2,192.168.45.4,IPv4,1514
702,7.644266000,192.168.45.2,192.168.45.4,IPv4,1514
703,7.645810000,192.168.45.2,192.168.45.4,IPv4,1514
704,7.646598000,192.168.45.2,192.168.45.4,IPv4,1514
705,7.647390000,192.168.45.2,192.168.45.4,IPv4,1514
706,7.648930000,192.168.45.2,192.168.45.4,IPv4,1514
707,7.649723000,192.168.45.2,192.168.45.4,IPv4,1514
708,7.651259000,192.168.45.2,192.168.45.4,IPv4,1514
709,7.653551000,192.168.45.2,192.168.45.4,IPv4,1514
710,7.654345000,192.168.45.2,192.168.45.4,IPv4,1514
711,7.655133000,192.168.45.2,192.168.45.4,IPv4,1514
712,7.655991000,192.168.45.2,192.168.45.4,UDP,174
713,7.656765000,192.168.45.2,192.168.45.4,IPv4,1514
714,7.658307000,192.168.45.2,192.168.45.4,IPv4,1514
715,7.659846000,192.168.45.2,192.168.45.4,IPv4,1514
716,7.662885000,192.168.45.2,192.168.45.4,IPv4,1514
717,7.663681000,192.168.45.2,192.168.45.4,IPv4,1514
718,7.665971000,192.168.45.2,192.168.45.4,IPv4,1514
719,7.669013000,192.168.45.2,192.168.45.4,IPv4,1514
720,7.669799000,192.168.45.2,192.168.45.4,IPv4,1514
721,7.672093000,192.168.45.2,192.168.45.4,IPv4,1514
722,7.673634000,192.168.45.2,192.168.45.4,IPv4,1514
723,7.675170000,192.168.45.2,192.168.45.4,IPv4,1514
724,7.677465000,192.168.45.2,192.168.45.4,IPv4,1514
725,7.679756000,192.168.45.2,192.168.45.4,IPv4,1514
726,7.680036000,192.168.45.2,192.168.45.4,UDP,517
727,7.680806000,192.168.45.2,192.168.45.4,IPv4,1514
728,7.682348000,192.168.45.2,192.168.45.4,IPv4,1514
729,7.685388000,192.168.45.2,192.168.45.4,IPv4,1514
730,7.686930000,192.168.45.2,192.168.45.4,IPv4,1514
731,7.687719000,192.168.45.2,192.168.45.4,IPv4,1514
732,7.690012000,192.168.45.2,192.168.45.4,IPv4,1514
733,7.691553000,192.168.45.2,192.168.45.4,IPv4,1514
746,8.194045000,192.168.45.2,192.168.45.4,IPv4,1514
747,8.194824000,192.168.45.2,192.168.45.4,IPv4,1514
748,8.195620000,192.168.45.2,192.168.45.4,IPv4,1514
762,8.365049000,192.168.45.2,192.168.45.4,IPv4,1514
763,8.365841000,192.168.45.2,192.168.45.4,IPv4,1514
764,8.366632000,192.168.45.2,192.168.45.4,IPv4,1514
765,8.368922000,192.168.45.2,192.168.45.4,IPv4,1514
766,8.370466000,192.168.45.2,192.168.45.4,IPv4,1514
767,8.372007000,192.168.45.2,192.168.45.4,IPv4,1514
768,8.375797000,192.168.45.2,192.168.45.4,IPv4,1514
769,8.376584000,192.168.45.2,192.168.45.4,IPv4,1514
770,8.378878000,192.168.45.2,192.168.45.4,IPv4,1514
771,8.381170000,192.168.45.2,192.168.45.4,IPv4,1514
772,8.381964000,192.168.45.2,192.168.45.4,IPv4,1514
773,8.383500000,192.168.45.2,192.168.45.4,IPv4,1514
774,8.384294000,192.168.45.2,192.168.45.4,IPv4,1514
789,8.673840000,192.168.45.2,192.168.45.4,IPv4,1514
790,8.675382000,192.168.45.2,192.168.45.4,IPv4,1514
791,8.676925000,192.168.45.2,192.168.45.4,IPv4,1514
792,8.677714000,192.168.45.2,192.168.45.4,IPv4,1514
793,8.679255000,192.168.45.2,192.168.45.4,IPv4,1514
794,8.680794000,192.168.45.2,192.168.45.4,IPv4,1514
795,8.683833000,192.168.45.2,192.168.45.4,IPv4,1514
796,8.684628000,192.168.45.2,192.168.45.4,IPv4,1514
797,8.685416000,192.168.45.2,192.168.45.4,IPv4,1514
798,8.686960000,192.168.45.2,192.168.45.4,IPv4,1514
799,8.688502000,192.168.45.2,192.168.45.4,IPv4,1514
800,8.689148000,192.168.45.2,192.168.45.4,UDP,1229
801,8.689911000,192.168.45.2,192.168.45.4,IPv4,1514
802,8.692198000,192.168.45.2,192.168.45.4,IPv4,1514
803,8.692992000,192.168.45.2,192.168.45.4,IPv4,1514
804,8.693778000,192.168.45.2,192.168.45.4,IPv4,1514
805,8.696070000,192.168.45.2,192.168.45.4,IPv4,1514
806,8.696863000,192.168.45.2,192.168.45.4,IPv4,1514
807,8.697658000,192.168.45.2,192.168.45.4,IPv4,1514
808,8.700693000,192.168.45.2,192.168.45.4,IPv4,1514
809,8.702236000,192.168.45.2,192.168.45.4,IPv4,1514
810,8.703024000,192.168.45.2,192.168.45.4,IPv4,1514
811,8.705314000,192.168.45.2,192.168.45.4,IPv4,1514
812,8.706109000,192.168.45.2,192.168.45.4,IPv4,1514
813,8.707226000,192.168.45.2,192.168.45.4,UDP,685
827,9.118254000,192.168.45.2,192.168.45.4,IPv4,1514
828,9.120540000,192.168.45.2,192.168.45.4,IPv4,1514
829,9.122829000,192.168.45.2,192.168.45.4,IPv4,1514
830,9.125124000,192.168.45.2,192.168.45.4,IPv4,1514
831,9.126665000,192.168.45.2,192.168.45.4,IPv4,1514
832,9.128957000,192.168.45.2,192.168.45.4,IPv4,1514
833,9.130495000,192.168.45.2,192.168.45.4,IPv4,1514
834,9.131289000,192.168.45.2,192.168.45.4,IPv4,1514
835,9.132076000,192.168.45.2,192.168.45.4,IPv4,1514
836,9.134368000,192.168.45.2,192.168.45.4,IPv4,1514
837,9.134832000,192.168.45.2,192.168.45.4,UDP,875
838,9.136355000,192.168.45.2,192.168.45.4,IPv4,1514
839,9.137143000,192.168.45.2,192.168.45.4,IPv4,1514
840,9.137935000,192.168.45.2,192.168.45.4,IPv4,1514
841,9.140221000,192.168.45.2,192.168.45.4,IPv4,1514
842,9.142512000,192.168.45.2,192.168.45.4,IPv4,1514
843,9.144055000,192.168.45.2,192.168.45.4,IPv4,1514
844,9.144845000,192.168.45.2,192.168.45.4,IPv4,1514
845,9.145633000,192.168.45.2,192.168.45.4,IPv4,1514
859,9.476798000,192.168.45.2,192.168.45.4,IPv4,1514
860,9.478342000,192.168.45.2,192.168.45.4,IPv4,1514
875,9.652177000,192.168.45.2,192.168.45.4,IPv4,1514
876,9.652943000,192.168.45.2,192.168.45.4,IPv4,1514
888,9.830686000,192.168.45.2,192.168.45.4,IPv4,1514
889,9.831477000,192.168.45.2,192.168.45.4,IPv4,1514
890,9.833019000,192.168.45.2,192.168.45.4,IPv4,1514
891,9.833811000,192.168.45.2,192.168.45.4,IPv4,1514
892,9.835354000,192.168.45.2,192.168.45.4,IPv4,1514
893,9.836888000,192.168.45.2,192.168.45.4,IPv4,1514
894,9.839180000,192.168.45.2,192.168.45.4,IPv4,1514
895,9.842234000,192.168.45.2,192.168.45.4,IPv4,1514
896,9.844500000,192.168.45.2,192.168.45.4,IPv4,1514
897,9.845317000,192.168.45.2,192.168.45.4,IPv4,1514
898,9.849846000,192.168.45.2,192.168.45.4,IPv4,1514
899,9.851387000,192.168.45.2,192.168.45.4,IPv4,1514
900,9.854438000,192.168.45.2,192.168.45.4,IPv4,1514
901,9.854573000,192.168.45.2,192.168.45.4,UDP,250
902,9.855357000,192.168.45.2,192.168.45.4,IPv4,1514
903,9.857653000,192.168.45.2,192.168.45.4,IPv4,1514
904,9.859179000,192.168.45.2,192.168.45.4,IPv4,1514
905,9.860719000,192.168.45.2,192.168.45.4,IPv4,1514
906,9.863763000,192.168.45.2,192.168.45.4,IPv4,1514
907,9.866049000,192.168.45.2,192.168.45.4,IPv4,1514
908,9.869093000,192.168.45.2,192.168.45.4,IPv4,1514
909,9.869882000,192.168.45.2,192.168.45.4,IPv4,1514
910,9.873672000,192.168.45.2,192.168.45.4,IPv4,1514
911,9.874465000,192.168.45.2,192.168.45.4,IPv4,1514
912,9.876005000,192.168.45.2,192.168.45.4,IPv4,1514
913,9.876799000,192.168.45.2,192.168.45.4,IPv4,1514
914,9.879432000,192.168.45.2,192.168.45.4,UDP,717
915,9.880947000,192.168.45.2,192.168.45.4,IPv4,1514
916,9.881738000,192.168.45.2,192.168.45.4,IPv4,1514
917,9.882529000,192.168.45.2,192.168.45.4,IPv4,1514
918,9.883319000,192.168.45.2,192.168.45.4,IPv4,1514
919,9.884112000,192.168.45.2,192.168.45.4,IPv4,1514
920,9.887155000,192.168.45.2,192.168.45.4,IPv4,1514
921,9.888695000,192.168.45.2,192.168.45.4,IPv4,1514
922,9.890233000,192.168.45.2,192.168.45.4,IPv4,1514
923,9.891026000,192.168.45.2,192.168.45.4,IPv4,1514
924,9.891816000,192.168.45.2,192.168.45.4,IPv4,1514
925,9.894106000,192.168.45.2,192.168.45.4,IPv4,1514
926,9.895649000,192.168.45.2,192.168.45.4,IPv4,1514
927,9.897941000,192.168.45.2,192.168.45.4,IPv4,1514
928,9.899583000,192.168.45.2,192.168.45.4,UDP,247
929,9.900356000,192.168.45.2,192.168.45.4,IPv4,1514
930,9.901897000,192.168.45.2,192.168.45.4,IPv4,1514
931,9.904185000,192.168.45.2,192.168.45.4,IPv4,1514
932,9.907978000,192.168.45.2,192.168.45.4,IPv4,1514
933,9.910271000,192.168.45.2,192.168.45.4,IPv4,1514
934,9.911808000,192.168.45.2,192.168.45.4,IPv4,1514
935,9.912600000,192.168.45.2,192.168.45.4,IPv4,1514
936,9.913390000,192.168.45.2,192.168.45.4,IPv4,1514
937,9.915681000,192.168.45.2,192.168.45.4,IPv4,1514
952,10.522601000,192.168.45.2,192.168.45.4,IPv4,1514
953,10.524892000,192.168.45.2,192.168.45.4,IPv4,1514
954,10.525685000,192.168.45.2,192.168.45.4,IPv4,1514
955,10.527224000,192.168.45.2,192.168.45.4,IPv4,1514
956,10.528766000,192.168.45.2,192.168.45.4,IPv4,1514
957,10.530309000,192.168.45.2,192.168.45.4,IPv4,1514
958,10.531847000,192.168.45.2,192.168.45.4,IPv4,1514
959,10.533388000,192.168.45.2,192.168.45.4,IPv4,1514
960,10.534181000,192.168.45.2,192.168.45.4,IPv4,1514
961,10.535722000,192.168.45.2,192.168.45.4,IPv4,1514
962,10.537262000,192.168.45.2,192.168.45.4,IPv4,1514
963,10.538050000,192.168.45.2,192.168.45.4,IPv4,1514
964,10.539407000,192.168.45.2,192.168.45.4,UDP,1150
965,10.540170000,192.168.45.2,192.168.45.4,IPv4,1514
966,10.542462000,192.168.45.2,192.168.45.4,IPv4,1514
967,10.543255000,192.168.45.2,192.168.45.4,IPv4,1514
968,10.544791000,192.168.45.2,192.168.45.4,IPv4,1514
969,10.545585000,192.168.45.2,192.168.45.4,IPv4,1514
970,10.546373000,192.168.45.2,192.168.45.4,IPv4,1514
971,10.547916000,192.168.45.2,192.168.45.4,IPv4,1514
972,10.548707000,192.168.45.2,192.168.45.4,IPv4,1514
973,10.551751000,192.168.45.2,192.168.45.4,IPv4,1514
974,10.553288000,192.168.45.2,192.168.45.4,IPv4,1514
975,10.556329000,192.168.45.2,192.168.45.4,IPv4,1514
976,10.558617000,192.168.45.2,192.168.45.4,IPv4,1514
977,10.559415000,192.168.45.2,192.168.45.4,IPv4,1514
978,10.560967000,192.168.45.2,192.168.45.4,IPv4,1514
979,10.561743000,192.168.45.2,192.168.45.4,IPv4,1514
980,10.562950000,192.168.45.2,192.168.45.4,UDP,856
981,10.563714000,192.168.45.2,192.168.45.4,IPv4,1514
982,10.566753000,192.168.45.2,192.168.45.4,IPv4,1514
983,10.568298000,192.168.45.2,192.168.45.4,IPv4,1514
984,10.569839000,192.168.45.2,192.168.45.4,IPv4,1514
985,10.572878000,192.168.45.2,192.168.45.4,IPv4,1514
986,10.573668000,192.168.45.2,192.168.45.4,IPv4,1514
987,10.575209000,192.168.45.2,192.168.45.4,IPv4,1514
988,10.576752000,192.168.45.2,192.168.45.4,IPv4,1514
989,10.578290000,192.168.45.2,192.168.45.4,IPv4,1514
990,10.580581000,192.168.45.2,192.168.45.4,IPv4,1514
991,10.582124000,192.168.45.2,192.168.45.4,IPv4,1514
992,10.583838000,192.168.45.2,192.168.45.4,UDP,381
993,10.584608000,192.168.45.2,192.168.45.4,IPv4,1514
994,10.586146000,192.168.45.2,192.168.45.4,IPv4,1514
995,10.586939000,192.168.45.2,192.168.45.4,IPv4,1514
996,10.588482000,192.168.45.2,192.168.45.4,IPv4,1514
997,10.590021000,192.168.45.2,192.168.45.4,IPv4,1514
998,10.590814000,192.168.45.2,192.168.45.4,IPv4,1514
999,10.592353000,192.168.45.2,192.168.45.4,IPv4,1514
1000,10.593894000,192.168.45.2,192.168.45.4,IPv4,1514
1001,10.595437000,192.168.45.2,192.168.45.4,IPv4,1514
1002,10.596974000,192.168.45.2,192.168.45.4,IPv4,1514
1003,10.598020000,192.168.45.2,192.168.45.4,UDP,543
1004,10.598790000,192.168.45.2,192.168.45.4,IPv4,1514
1005,10.600332000,192.168.45.2,192.168.45.4,IPv4,1514
1006,10.602622000,192.168.45.2,192.168.45.4,IPv4,1514
1007,10.604161000,192.168.45.2,192.168.45.4,IPv4,1514
1008,10.605704000,192.168.45.2,192.168.45.4,IPv4,1514
1009,10.607245000,192.168.45.2,192.168.45.4,IPv4,1514
1010,10.611036000,192.168.45.2,192.168.45.4,IPv4,1514
1011,10.612577000,192.168.45.2,192.168.45.4,IPv4,1514
1012,10.613365000,192.168.45.2,192.168.45.4,IPv4,1514
1013,10.615659000,192.168.45.2,192.168.45.4,IPv4,1514
1014,10.617199000,192.168.45.2,192.168.45.4,IPv4,1514
1015,10.618743000,192.168.45.2,192.168.45.4,IPv4,1514
1016,10.619340000,192.168.45.2,192.168.45.4,UDP,1140
1017,10.621604000,192.168.45.2,192.168.45.4,IPv4,1514
1018,10.624646000,192.168.45.2,192.168.45.4,IPv4,1514
1019,10.626936000,192.168.45.2,192.168.45.4,IPv4,1514
1020,10.628474000,192.168.45.2,192.168.45.4,IPv4,1514
1021,10.630016000,192.168.45.2,192.168.45.4,IPv4,1514
1022,10.633806000,192.168.45.2,192.168.45.4,IPv4,1514
1023,10.636097000,192.168.45.2,192.168.45.4,IPv4,1514
1024,10.636891000,192.168.45.2,192.168.45.4,IPv4,1514
1025,10.639182000,192.168.45.2,192.168.45.4,IPv4,1514
1026,10.639970000,192.168.45.2,192.168.45.4,IPv4,1514
1027,10.641516000,192.168.45.2,192.168.45.4,IPv4,1514
1028,10.643056000,192.168.45.2,192.168.45.4,IPv4,1514
1029,10.643845000,192.168.45.2,192.168.45.4,IPv4,1514
1030,10.644632000,192.168.45.2,192.168.45.4,IPv4,1514
1031,10.646924000,192.168.45.2,192.168.45.4,IPv4,1514
1032,10.648089000,192.168.45.2,192.168.45.4,UDP,771
1033,10.648856000,192.168.45.2,192.168.45.4,IPv4,1514
1034,10.651147000,192.168.45.2,192.168.45.4,IPv4,1514
1035,10.654185000,192.168.45.2,192.168.45.4,IPv4,1514
1036,10.654979000,192.168.45.2,192.168.45.4,IPv4,1514
1037,10.655768000,192.168.45.2,192.168.45.4,IPv4,1514
1038,10.658060000,192.168.45.2,192.168.45.4,IPv4,1514
1039,10.658848000,192.168.45.2,192.168.45.4,IPv4,1514
1040,10.661128000,192.168.45.2,192.168.45.4,IPv4,1514
1041,10.661945000,192.168.45.2,192.168.45.4,IPv4,1514
1042,10.663470000,192.168.45.2,192.168.45.4,IPv4,1514
1043,10.665013000,192.168.45.2,192.168.45.4,IPv4,1514
1044,10.665963000,192.168.45.2,192.168.45.4,UDP,351
1045,10.667484000,192.168.45.2,192.168.45.4,IPv4,1514
1046,10.668274000,192.168.45.2,192.168.45.4,IPv4,1514
1047,10.669068000,192.168.45.2,192.168.45.4,IPv4,1514
1048,10.669855000,192.168.45.2,192.168.45.4,IPv4,1514
1049,10.671396000,192.168.45.2,192.168.45.4,IPv4,1514
1050,10.673688000,192.168.45.2,192.168.45.4,IPv4,1514
1051,10.674477000,192.168.45.2,192.168.45.4,IPv4,1514
1052,10.675270000,192.168.45.2,192.168.45.4,IPv4,1514
1053,10.676807000,192.168.45.2,192.168.45.4,IPv4,1514
1054,10.679099000,192.168.45.2,192.168.45.4,IPv4,1514
1055,10.679402000,192.168.45.2,192.168.45.4,UDP,553
1056,10.680922000,192.168.45.2,192.168.45.4,IPv4,1514
1057,10.683212000,192.168.45.2,192.168.45.4,IPv4,1514
1058,10.684753000,192.168.45.2,192.168.45.4,IPv4,1514
1059,10.685542000,192.168.45.2,192.168.45.4,IPv4,1514
1060,10.686336000,192.168.45.2,192.168.45.4,IPv4,1514
1061,10.687873000,192.168.45.2,192.168.45.4,IPv4,1514
1062,10.688667000,192.168.45.2,192.168.45.4,IPv4,1514
1063,10.690210000,192.168.45.2,192.168.45.4,IPv4,1514
1064,10.691000000,192.168.45.2,192.168.45.4,IPv4,1514
1065,10.692541000,192.168.45.2,192.168.45.4,IPv4,1514
1066,10.693329000,192.168.45.2,192.168.45.4,IPv4,1514
1067,10.694871000,192.168.45.2,192.168.45.4,IPv4,1514
1068,10.696968000,192.168.45.2,192.168.45.4,UDP,1130
1069,10.697728000,192.168.45.2,192.168.45.4,IPv4,1514
1070,10.698521000,192.168.45.2,192.168.45.4,IPv4,1514
1071,10.700060000,192.168.45.2,192.168.45.4,IPv4,1514
1072,10.702351000,192.168.45.2,192.168.45.4,IPv4,1514
1073,10.703894000,192.168.45.2,192.168.45.4,IPv4,1514
1074,10.707686000,192.168.45.2,192.168.45.4,IPv4,1514
1075,10.709225000,192.168.45.2,192.168.45.4,IPv4,1514
1076,10.710765000,192.168.45.2,192.168.45.4,IPv4,1514
1077,10.713809000,192.168.45.2,192.168.45.4,IPv4,1514
1078,10.715346000,192.168.45.2,192.168.45.4,IPv4,1514
1079,10.716889000,192.168.45.2,192.168.45.4,IPv4,1514
1080,10.718440000,192.168.45.2,192.168.45.4,IPv4,1514
1081,10.721474000,192.168.45.2,192.168.45.4,IPv4,1514
1082,10.723008000,192.168.45.2,192.168.45.4,IPv4,1514
1083,10.723803000,192.168.45.2,192.168.45.4,IPv4,1514
1084,10.725705000,192.168.45.2,192.168.45.4,UDP,763
1085,10.727227000,192.168.45.2,192.168.45.4,IPv4,1514
1086,10.728020000,192.168.45.2,192.168.45.4,IPv4,1514
1087,10.731058000,192.168.45.2,192.168.45.4,IPv4,1514
1088,10.733349000,192.168.45.2,192.168.45.4,IPv4,1514
1089,10.734889000,192.168.45.2,192.168.45.4,IPv4,1514
1090,10.735683000,192.168.45.2,192.168.45.4,IPv4,1514
1091,10.737224000,192.168.45.2,192.168.45.4,IPv4,1514
1092,10.738014000,192.168.45.2,192.168.45.4,IPv4,1514
1093,10.739557000,192.168.45.2,192.168.45.4,IPv4,1514
1094,10.740343000,192.168.45.2,192.168.45.4,IPv4,1514
1095,10.742898000,192.168.45.2,192.168.45.4,UDP,559
1096,10.743668000,192.168.45.2,192.168.45.4,IPv4,1514
1097,10.745958000,192.168.45.2,192.168.45.4,IPv4,1514
1098,10.746747000,192.168.45.2,192.168.45.4,IPv4,1514
1099,10.747539000,192.168.45.2,192.168.45.4,IPv4,1514
1100,10.748331000,192.168.45.2,192.168.45.4,IPv4,1514
1101,10.749871000,192.168.45.2,192.168.45.4,IPv4,1514
1102,10.750661000,192.168.45.2,192.168.45.4,IPv4,1514
1103,10.752205000,192.168.45.2,192.168.45.4,IPv4,1514
1104,10.755243000,192.168.45.2,192.168.45.4,IPv4,1514
1105,10.756036000,192.168.45.2,192.168.45.4,IPv4,1514
1106,10.757575000,192.168.45.2,192.168.45.4,IPv4,1514
1107,10.758368000,192.168.45.2,192.168.45.4,IPv4,1514
1108,10.759718000,192.168.45.2,192.168.45.4,UDP,1139
1109,10.760482000,192.168.45.2,192.168.45.4,IPv4,1514
1110,10.761269000,192.168.45.2,192.168.45.4,IPv4,1514
1111,10.762062000,192.168.45.2,192.168.45.4,IPv4,1514
1112,10.763600000,192.168.45.2,192.168.45.4,IPv4,1514
1113,10.765893000,192.168.45.2,192.168.45.4,IPv4,1514
1114,10.767434000,192.168.45.2,192.168.45.4,IPv4,1514
1115,10.768977000,192.168.45.2,192.168.45.4,IPv4,1514
1116,10.770515000,192.168.45.2,192.168.45.4,IPv4,1514
1117,10.772057000,192.168.45.2,192.168.45.4,IPv4,1514
1118,10.772846000,192.168.45.2,192.168.45.4,IPv4,1514
1119,10.774417000,192.168.45.2,192.168.45.4,IPv4,1514
1120,10.775931000,192.168.45.2,192.168.45.4,IPv4,1514
1121,10.777474000,192.168.45.2,192.168.45.4,IPv4,1514
1122,10.780515000,192.168.45.2,192.168.45.4,IPv4,1514
1123,10.782806000,192.168.45.2,192.168.45.4,IPv4,1514
1124,10.783973000,192.168.45.2,192.168.45.4,UDP,785
1125,10.784739000,192.168.45.2,192.168.45.4,IPv4,1514
1126,10.785527000,192.168.45.2,192.168.45.4,IPv4,1514
1127,10.787820000,192.168.45.2,192.168.45.4,IPv4,1514
1128,10.789362000,192.168.45.2,192.168.45.4,IPv4,1514
1129,10.790153000,192.168.45.2,192.168.45.4,IPv4,1514
1130,10.792442000,192.168.45.2,192.168.45.4,IPv4,1514
1131,10.796988000,192.168.45.2,192.168.45.4,IPv4,1514
1132,10.801524000,192.168.45.2,192.168.45.4,IPv4,1514
1133,10.803066000,192.168.45.2,192.168.45.4,IPv4,1514
1134,10.803856000,192.168.45.2,192.168.45.4,IPv4,1514
1135,10.805599000,192.168.45.2,192.168.45.4,UDP,440
1136,10.806370000,192.168.45.2,192.168.45.4,IPv4,1514
1137,10.807158000,192.168.45.2,192.168.45.4,IPv4,1514
1138,10.807951000,192.168.45.2,192.168.45.4,IPv4,1514
1139,10.810992000,192.168.45.2,192.168.45.4,IPv4,1514
1140,10.811781000,192.168.45.2,192.168.45.4,IPv4,1514
1141,10.812574000,192.168.45.2,192.168.45.4,IPv4,1514
1142,10.814865000,192.168.45.2,192.168.45.4,IPv4,1514
1143,10.816409000,192.168.45.2,192.168.45.4,IPv4,1514
1144,10.817946000,192.168.45.2,192.168.45.4,IPv4,1514
1145,10.820986000,192.168.45.2,192.168.45.4,IPv4,1514
1146,10.822138000,192.168.45.2,192.168.45.4,UDP,748
1147,10.824404000,192.168.45.2,192.168.45.4,IPv4,1514
1148,10.825947000,192.168.45.2,192.168.45.4,IPv4,1514
1149,10.827490000,192.168.45.2,192.168.45.4,IPv4,1514
1150,10.829775000,192.168.45.2,192.168.45.4,IPv4,1514
1151,10.830569000,192.168.45.2,192.168.45.4,IPv4,1514
1152,10.831357000,192.168.45.2,192.168.45.4,IPv4,1514
1153,10.833646000,192.168.45.2,192.168.45.4,IPv4,1514
1154,10.834451000,192.168.45.2,192.168.45.4,IPv4,1514
1155,10.837482000,192.168.45.2,192.168.45.4,IPv4,1514
1156,10.839027000,192.168.45.2,192.168.45.4,IPv4,1514
1157,10.842066000,192.168.45.2,192.168.45.4,IPv4,1514
1158,10.842856000,192.168.45.2,192.168.45.4,IPv4,1514
1159,10.843542000,192.168.45.2,192.168.45.4,UDP,1320
1160,10.845806000,192.168.45.2,192.168.45.4,IPv4,1514
1161,10.847347000,192.168.45.2,192.168.45.4,IPv4,1514
1162,10.849642000,192.168.45.2,192.168.45.4,IPv4,1514
1163,10.851943000,192.168.45.2,192.168.45.4,IPv4,1514
1164,10.853473000,192.168.45.2,192.168.45.4,IPv4,1514
1176,13.113744000,192.168.45.2,192.168.45.4,IPv4,1514
1177,13.117534000,192.168.45.2,192.168.45.4,IPv4,1514
1178,13.118326000,192.168.45.2,192.168.45.4,IPv4,1514
1179,13.119116000,192.168.45.2,192.168.45.4,IPv4,1514
1180,13.121407000,192.168.45.2,192.168.45.4,IPv4,1514
1181,13.122199000,192.168.45.2,192.168.45.4,IPv4,1514
1182,13.122991000,192.168.45.2,192.168.45.4,IPv4,1514
1183,13.124532000,192.168.45.2,192.168.45.4,IPv4,1514
1184,13.125320000,192.168.45.2,192.168.45.4,IPv4,1514
1185,13.127613000,192.168.45.2,192.168.45.4,IPv4,1514
1186,13.128309000,192.168.45.2,192.168.45.4,UDP,1334
1187,13.129069000,192.168.45.2,192.168.45.4,IPv4,1514
1188,13.130616000,192.168.45.2,192.168.45.4,IPv4,1514
1189,13.132155000,192.168.45.2,192.168.45.4,IPv4,1514
1190,13.133693000,192.168.45.2,192.168.45.4,IPv4,1514
1191,13.135985000,192.168.45.2,192.168.45.4,IPv4,1514
1192,13.136780000,192.168.45.2,192.168.45.4,IPv4,1514
1193,13.138317000,192.168.45.2,192.168.45.4,IPv4,1514
1194,13.139857000,192.168.45.2,192.168.45.4,IPv4,1514
1195,13.142149000,192.168.45.2,192.168.45.4,IPv4,1514
1209,13.467690000,192.168.45.2,192.168.45.4,IPv4,1514
1210,13.468483000,192.168.45.2,192.168.45.4,IPv4,1514
1211,13.470021000,192.168.45.2,192.168.45.4,IPv4,1514
1212,13.471564000,192.168.45.2,192.168.45.4,IPv4,1514
1213,13.473108000,192.168.45.2,192.168.45.4,IPv4,1514
1214,13.474637000,192.168.45.2,192.168.45.4,IPv4,1514
1215,13.476933000,192.168.45.2,192.168.45.4,IPv4,1514
1216,13.478480000,192.168.45.2,192.168.45.4,IPv4,1514
1217,13.479266000,192.168.45.2,192.168.45.4,IPv4,1514
1218,13.480060000,192.168.45.2,192.168.45.4,IPv4,1514
1219,13.480849000,192.168.45.2,192.168.45.4,IPv4,1514
1220,13.481642000,192.168.45.2,192.168.45.4,IPv4,1514
1221,13.483186000,192.168.45.2,192.168.45.4,IPv4,1514
1222,13.485472000,192.168.45.2,192.168.45.4,IPv4,1514
1223,13.486266000,192.168.45.2,192.168.45.4,IPv4,1514
1224,13.488211000,192.168.45.2,192.168.45.4,UDP,842
1225,13.488978000,192.168.45.2,192.168.45.4,IPv4,1514
1226,13.492019000,192.168.45.2,192.168.45.4,IPv4,1514
1227,13.493559000,192.168.45.2,192.168.45.4,IPv4,1514
1228,13.496600000,192.168.45.2,192.168.45.4,IPv4,1514
1229,13.499643000,192.168.45.2,192.168.45.4,IPv4,1514
1230,13.501934000,192.168.45.2,192.168.45.4,IPv4,1514
1231,13.502721000,192.168.45.2,192.168.45.4,IPv4,1514
1232,13.504264000,192.168.45.2,192.168.45.4,IPv4,1514
1233,13.505809000,192.168.45.2,192.168.45.4,IPv4,1514
1234,13.507343000,192.168.45.2,192.168.45.4,IPv4,1514
1235,13.508137000,192.168.45.2,192.168.45.4,IPv4,1514
1236,13.510429000,192.168.45.2,192.168.45.4,IPv4,1514
1237,13.512300000,192.168.45.2,192.168.45.4,UDP,690
1238,13.513818000,192.168.45.2,192.168.45.4,IPv4,1514
1239,13.515360000,192.168.45.2,192.168.45.4,IPv4,1514
1240,13.516896000,192.168.45.2,192.168.45.4,IPv4,1514
1241,13.519190000,192.168.45.2,192.168.45.4,IPv4,1514
1242,13.519984000,192.168.45.2,192.168.45.4,IPv4,1514
1243,13.522270000,192.168.45.2,192.168.45.4,IPv4,1514
1244,13.523061000,192.168.45.2,192.168.45.4,IPv4,1514
1245,13.524605000,192.168.45.2,192.168.45.4,IPv4,1514
1246,13.526894000,192.168.45.2,192.168.45.4,IPv4,1514
1247,13.527686000,192.168.45.2,192.168.45.4,IPv4,1514
1248,13.530507000,192.168.45.2,192.168.45.4,UDP,1088
1249,13.531270000,192.168.45.2,192.168.45.4,IPv4,1514
1250,13.532813000,192.168.45.2,192.168.45.4,IPv4,1514
1251,13.534356000,192.168.45.2,192.168.45.4,IPv4,1514
1252,13.536642000,192.168.45.2,192.168.45.4,IPv4,1514
1253,13.537434000,192.168.45.2,192.168.45.4,IPv4,1514
1254,13.538226000,192.168.45.2,192.168.45.4,IPv4,1514
1255,13.540516000,192.168.45.2,192.168.45.4,IPv4,1514
1256,13.542059000,192.168.45.2,192.168.45.4,IPv4,1514
1273,14.178837000,192.168.45.2,192.168.45.4,IPv4,1514
1274,14.179624000,192.168.45.2,192.168.45.4,IPv4,1514
1275,14.181168000,192.168.45.2,192.168.45.4,IPv4,1514
1276,14.181955000,192.168.45.2,192.168.45.4,IPv4,1514
1277,14.182749000,192.168.45.2,192.168.45.4,IPv4,1514
1278,14.185041000,192.168.45.2,192.168.45.4,IPv4,1514
1279,14.186583000,192.168.45.2,192.168.45.4,IPv4,1514
1280,14.187371000,192.168.45.2,192.168.45.4,IPv4,1514
1281,14.188161000,192.168.45.2,192.168.45.4,IPv4,1514
1282,14.191207000,192.168.45.2,192.168.45.4,IPv4,1514
1283,14.191994000,192.168.45.2,192.168.45.4,IPv4,1514
1311,14.521416000,192.168.45.2,192.168.45.4,IPv4,1514
1312,14.523712000,192.168.45.2,192.168.45.4,IPv4,1514
1313,14.526751000,192.168.45.2,192.168.45.4,IPv4,1514
1314,14.527540000,192.168.45.2,192.168.45.4,IPv4,1514
1315,14.528333000,192.168.45.2,192.168.45.4,IPv4,1514
1316,14.529123000,192.168.45.2,192.168.45.4,IPv4,1514
1317,14.529917000,192.168.45.2,192.168.45.4,IPv4,1514
1318,14.530704000,192.168.45.2,192.168.45.4,IPv4,1514
1332,14.885860000,192.168.45.2,192.168.45.4,IPv4,1514
1333,14.886653000,192.168.45.2,192.168.45.4,IPv4,1514
1334,14.887444000,192.168.45.2,192.168.45.4,IPv4,1514
1335,14.889734000,192.168.45.2,192.168.45.4,IPv4,1514
1336,14.891275000,192.168.45.2,192.168.45.4,IPv4,1514
1337,14.892065000,192.168.45.2,192.168.45.4,IPv4,1514
1338,14.895109000,192.168.45.2,192.168.45.4,IPv4,1514
1339,14.897396000,192.168.45.2,192.168.45.4,IPv4,1514
1340,14.900444000,192.168.45.2,192.168.45.4,IPv4,1514
1341,14.903482000,192.168.45.2,192.168.45.4,IPv4,1514
1342,14.905020000,192.168.45.2,192.168.45.4,IPv4,1514
1343,14.905815000,192.168.45.2,192.168.45.4,IPv4,1514
1344,14.907664000,192.168.45.2,192.168.45.4,UDP,658
1345,14.908432000,192.168.45.2,192.168.45.4,IPv4,1514
1346,14.909225000,192.168.45.2,192.168.45.4,IPv4,1514
1347,14.911517000,192.168.45.2,192.168.45.4,IPv4,1514
1348,14.914558000,192.168.45.2,192.168.45.4,IPv4,1514
1349,14.916100000,192.168.45.2,192.168.45.4,IPv4,1514
1350,14.917638000,192.168.45.2,192.168.45.4,IPv4,1514
1351,14.919179000,192.168.45.2,192.168.45.4,IPv4,1514
1352,14.919969000,192.168.45.2,192.168.45.4,IPv4,1514
1353,14.921513000,192.168.45.2,192.168.45.4,IPv4,1514
1354,14.923803000,192.168.45.2,192.168.45.4,IPv4,1514
1355,14.925345000,192.168.45.2,192.168.45.4,IPv4,1514
1356,14.926274000,192.168.45.2,192.168.45.4,UDP,323
1357,14.927047000,192.168.45.2,192.168.45.4,IPv4,1514
1358,14.927839000,192.168.45.2,192.168.45.4,IPv4,1514
1359,14.928630000,192.168.45.2,192.168.45.4,IPv4,1514
1373,15.347668000,192.168.45.2,192.168.45.4,IPv4,1514
1374,15.349971000,192.168.45.2,192.168.45.4,IPv4,1514
1375,15.350752000,192.168.45.2,192.168.45.4,IPv4,1514
1376,15.351541000,192.168.45.2,192.168.45.4,IPv4,1514
1377,15.353083000,192.168.45.2,192.168.45.4,IPv4,1514
1378,15.354622000,192.168.45.2,192.168.45.4,IPv4,1514
1379,15.357667000,192.168.45.2,192.168.45.4,IPv4,1514
1380,15.358455000,192.168.45.2,192.168.45.4,IPv4,1514
1381,15.359998000,192.168.45.2,192.168.45.4,IPv4,1514
1382,15.362289000,192.168.45.2,192.168.45.4,IPv4,1514
1383,15.363827000,192.168.45.2,192.168.45.4,IPv4,1514
1384,15.365370000,192.168.45.2,192.168.45.4,IPv4,1514
1385,15.366158000,192.168.45.2,192.168.45.4,IPv4,1514
1386,15.366952000,192.168.45.2,192.168.45.4,IPv4,1514
1387,15.369243000,192.168.45.2,192.168.45.4,IPv4,1514
1388,15.370466000,192.168.45.2,192.168.45.4,UDP,893
1401,15.687463000,192.168.45.2,192.168.45.4,IPv4,1514
1402,15.689757000,192.168.45.2,192.168.45.4,IPv4,1514
1403,15.691297000,192.168.45.2,192.168.45.4,IPv4,1514
1404,15.693589000,192.168.45.2,192.168.45.4,IPv4,1514
1405,15.694377000,192.168.45.2,192.168.45.4,IPv4,1514
1406,15.696669000,192.168.45.2,192.168.45.4,IPv4,1514
1407,15.698214000,192.168.45.2,192.168.45.4,IPv4,1514
1408,15.698999000,192.168.45.2,192.168.45.4,IPv4,1514
1409,15.699793000,192.168.45.2,192.168.45.4,IPv4,1514
1410,15.700583000,192.168.45.2,192.168.45.4,IPv4,1514
1411,15.701076000,192.168.45.2,192.168.45.4,UDP,931
1412,15.702591000,192.168.45.2,192.168.45.4,IPv4,1514
1413,15.703384000,192.168.45.2,192.168.45.4,IPv4,1514
1414,15.705675000,192.168.45.2,192.168.45.4,IPv4,1514
1415,15.706464000,192.168.45.2,192.168.45.4,IPv4,1514
1416,15.707258000,192.168.45.2,192.168.45.4,IPv4,1514
1417,15.709549000,192.168.45.2,192.168.45.4,IPv4,1514
1418,15.710339000,192.168.45.2,192.168.45.4,IPv4,1514
1430,16.031420000,192.168.45.2,192.168.45.4,IPv4,1514
1431,16.033707000,192.168.45.2,192.168.45.4,IPv4,1514
1432,16.034500000,192.168.45.2,192.168.45.4,IPv4,1514
1433,16.036043000,192.168.45.2,192.168.45.4,IPv4,1514
1434,16.036830000,192.168.45.2,192.168.45.4,IPv4,1514
1435,16.037626000,192.168.45.2,192.168.45.4,IPv4,1514
1436,16.039913000,192.168.45.2,192.168.45.4,IPv4,1514
1437,16.040706000,192.168.45.2,192.168.45.4,IPv4,1514
1438,16.041493000,192.168.45.2,192.168.45.4,IPv4,1514
1439,16.042288000,192.168.45.2,192.168.45.4,IPv4,1514
1440,16.044581000,192.168.45.2,192.168.45.4,IPv4,1514
1441,16.046872000,192.168.45.2,192.168.45.4,IPv4,1514
1442,16.048398000,192.168.45.2,192.168.45.4,UDP,1491
1443,16.051409000,192.168.45.2,192.168.45.4,IPv4,1514
1444,16.052944000,192.168.45.2,192.168.45.4,IPv4,1514
1445,16.054488000,192.168.45.2,192.168.45.4,IPv4,1514
1446,16.057528000,192.168.45.2,192.168.45.4,IPv4,1514
1447,16.062823000,192.168.45.2,192.168.45.4,IPv4,1514
1448,16.064364000,192.168.45.2,192.168.45.4,IPv4,1514
1449,16.065152000,192.168.45.2,192.168.45.4,IPv4,1514
1450,16.065940000,192.168.45.2,192.168.45.4,IPv4,1514
1451,16.067482000,192.168.45.2,192.168.45.4,IPv4,1514
1452,16.069025000,192.168.45.2,192.168.45.4,IPv4,1514
1453,16.071318000,192.168.45.2,192.168.45.4,IPv4,1514
1454,16.072106000,192.168.45.2,192.168.45.4,IPv4,1514
1455,16.074832000,192.168.45.2,192.168.45.4,UDP,901
1456,16.076350000,192.168.45.2,192.168.45.4,IPv4,1514
1457,16.077139000,192.168.45.2,192.168.45.4,IPv4,1514
1458,16.078684000,192.168.45.2,192.168.45.4,IPv4,1514
1459,16.080974000,192.168.45.2,192.168.45.4,IPv4,1514
1460,16.081763000,192.168.45.2,192.168.45.4,IPv4,1514
1461,16.083305000,192.168.45.2,192.168.45.4,IPv4,1514
1462,16.084093000,192.168.45.2,192.168.45.4,IPv4,1514
1463,16.084888000,192.168.45.2,192.168.45.4,IPv4,1514
1464,16.086438000,192.168.45.2,192.168.45.4,IPv4,1514
1465,16.089470000,192.168.45.2,192.168.45.4,IPv4,1514
1466,16.090259000,192.168.45.2,192.168.45.4,IPv4,1514
1481,16.594234000,192.168.45.2,192.168.45.4,IPv4,1514
1482,16.595776000,192.168.45.2,192.168.45.4,IPv4,1514
1483,16.596569000,192.168.45.2,192.168.45.4,IPv4,1514
1484,16.598104000,192.168.45.2,192.168.45.4,IPv4,1514
1485,16.599649000,192.168.45.2,192.168.45.4,IPv4,1514
1486,16.602687000,192.168.45.2,192.168.45.4,IPv4,1514
1487,16.604230000,192.168.45.2,192.168.45.4,IPv4,1514
1488,16.606521000,192.168.45.2,192.168.45.4,IPv4,1514
1489,16.607312000,192.168.45.2,192.168.45.4,IPv4,1514
1490,16.610350000,192.168.45.2,192.168.45.4,IPv4,1514
1491,16.611145000,192.168.45.2,192.168.45.4,IPv4,1514
1492,16.611933000,192.168.45.2,192.168.45.4,IPv4,1514
1493,16.613763000,192.168.45.2,192.168.45.4,UDP,608
1494,16.614531000,192.168.45.2,192.168.45.4,IPv4,1514
1495,16.616820000,192.168.45.2,192.168.45.4,IPv4,1514
1496,16.621362000,192.168.45.2,192.168.45.4,IPv4,1514
1497,16.622155000,192.168.45.2,192.168.45.4,IPv4,1514
1498,16.625200000,192.168.45.2,192.168.45.4,IPv4,1514
1511,16.947686000,192.168.45.2,192.168.45.4,IPv4,1514
1512,16.949230000,192.168.45.2,192.168.45.4,IPv4,1514
1513,16.950765000,192.168.45.2,192.168.45.4,IPv4,1514
1514,16.951559000,192.168.45.2,192.168.45.4,IPv4,1514
1515,16.952349000,192.168.45.2,192.168.45.4,IPv4,1514
1516,16.953141000,192.168.45.2,192.168.45.4,IPv4,1514
1517,16.954684000,192.168.45.2,192.168.45.4,IPv4,1514
1518,16.955472000,192.168.45.2,192.168.45.4,IPv4,1514
1519,16.957017000,192.168.45.2,192.168.45.4,IPv4,1514
1520,16.957804000,192.168.45.2,192.168.45.4,IPv4,1514
1521,16.958595000,192.168.45.2,192.168.45.4,IPv4,1514
1522,16.959887000,192.168.45.2,192.168.45.4,UDP,1024
1523,16.961405000,192.168.45.2,192.168.45.4,IPv4,1514
1524,16.962195000,192.168.45.2,192.168.45.4,IPv4,1514
1525,16.964486000,192.168.45.2,192.168.45.4,IPv4,1514
1526,16.966022000,192.168.45.2,192.168.45.4,IPv4,1514
1527,16.968315000,192.168.45.2,192.168.45.4,IPv4,1514
1528,16.969857000,192.168.45.2,192.168.45.4,IPv4,1514
1529,16.971394000,192.168.45.2,192.168.45.4,IPv4,1514
1530,16.972937000,192.168.45.2,192.168.45.4,IPv4,1514
1531,16.975230000,192.168.45.2,192.168.45.4,IPv4,1514
1532,16.976770000,192.168.45.2,192.168.45.4,IPv4,1514
1533,16.979061000,192.168.45.2,192.168.45.4,IPv4,1514
1534,16.981351000,192.168.45.2,192.168.45.4,IPv4,1514
1535,16.981684000,192.168.45.2,192.168.45.4,UDP,619
1536,16.982454000,192.168.45.2,192.168.45.4,IPv4,1514
1537,16.983244000,192.168.45.2,192.168.45.4,IPv4,1514
1538,16.984036000,192.168.45.2,192.168.45.4,IPv4,1514
1539,16.985575000,192.168.45.2,192.168.45.4,IPv4,1514
1540,16.986367000,192.168.45.2,192.168.45.4,IPv4,1514
1541,16.988660000,192.168.45.2,192.168.45.4,IPv4,1514
1542,16.990199000,192.168.45.2,192.168.45.4,IPv4,1514
1543,16.993243000,192.168.45.2,192.168.45.4,IPv4,1514
1544,16.994780000,192.168.45.2,192.168.45.4,IPv4,1514
1545,16.997073000,192.168.45.2,192.168.45.4,IPv4,1514
1546,16.999364000,192.168.45.2,192.168.45.4,IPv4,1514
1547,17.000151000,192.168.45.2,192.168.45.4,IPv4,1514
1548,17.001695000,192.168.45.2,192.168.45.4,IPv4,1514
1549,17.002488000,192.168.45.2,192.168.45.4,IPv4,1514
1550,17.004025000,192.168.45.2,192.168.45.4,IPv4,1514
1551,17.005142000,192.168.45.2,192.168.45.4,UDP,677
1552,17.005910000,192.168.45.2,192.168.45.4,IPv4,1514
1553,17.006698000,192.168.45.2,192.168.45.4,IPv4,1514
1554,17.007490000,192.168.45.2,192.168.45.4,IPv4,1514
1555,17.009030000,192.168.45.2,192.168.45.4,IPv4,1514
1556,17.009835000,192.168.45.2,192.168.45.4,IPv4,1514
1557,17.011363000,192.168.45.2,192.168.45.4,IPv4,1514
1558,17.012902000,192.168.45.2,192.168.45.4,IPv4,1514
1575,17.637990000,192.168.45.2,192.168.45.4,IPv4,1514
1576,17.641781000,192.168.45.2,192.168.45.4,IPv4,1514
1577,17.643323000,192.168.45.2,192.168.45.4,IPv4,1514
1578,17.644861000,192.168.45.2,192.168.45.4,IPv4,1514
1579,17.646394000,192.168.45.2,192.168.45.4,IPv4,1514
1580,17.648696000,192.168.45.2,192.168.45.4,IPv4,1514
1581,17.651737000,192.168.45.2,192.168.45.4,IPv4,1514
1582,17.653277000,192.168.45.2,192.168.45.4,IPv4,1514
1583,17.654855000,192.168.45.2,192.168.45.4,IPv4,1514
1584,17.655606000,192.168.45.2,192.168.45.4,IPv4,1514
1585,17.656400000,192.168.45.2,192.168.45.4,IPv4,1514
1586,17.657189000,192.168.45.2,192.168.45.4,IPv4,1514
1587,17.658398000,192.168.45.2,192.168.45.4,UDP,866
1588,17.660662000,192.168.45.2,192.168.45.4,IPv4,1514
1589,17.662200000,192.168.45.2,192.168.45.4,IPv4,1514
1590,17.663748000,192.168.45.2,192.168.45.4,IPv4,1514
1591,17.665289000,192.168.45.2,192.168.45.4,IPv4,1514
1592,17.666078000,192.168.45.2,192.168.45.4,IPv4,1514
1593,17.668369000,192.168.45.2,192.168.45.4,IPv4,1514
1594,17.669911000,192.168.45.2,192.168.45.4,IPv4,1514
1595,17.671450000,192.168.45.2,192.168.45.4,IPv4,1514
1596,17.672993000,192.168.45.2,192.168.45.4,IPv4,1514
1597,17.675281000,192.168.45.2,192.168.45.4,IPv4,1514
1598,17.676071000,192.168.45.2,192.168.45.4,IPv4,1514
1599,17.678363000,192.168.45.2,192.168.45.4,IPv4,1514
1600,17.678783000,192.168.45.2,192.168.45.4,UDP,785
1601,17.680303000,192.168.45.2,192.168.45.4,IPv4,1514
1602,17.681094000,192.168.45.2,192.168.45.4,IPv4,1514
1603,17.681883000,192.168.45.2,192.168.45.4,IPv4,1514
1604,17.685675000,192.168.45.2,192.168.45.4,IPv4,1514
1605,17.687211000,192.168.45.2,192.168.45.4,IPv4,1514
1606,17.689502000,192.168.45.2,192.168.45.4,IPv4,1514
1607,17.690296000,192.168.45.2,192.168.45.4,IPv4,1514
1608,17.691086000,192.168.45.2,192.168.45.4,IPv4,1514
1609,17.692628000,192.168.45.2,192.168.45.4,IPv4,1514
1610,17.694920000,192.168.45.2,192.168.45.4,IPv4,1514
1611,17.696509000,192.168.45.2,192.168.45.4,UDP,135
1612,17.697279000,192.168.45.2,192.168.45.4,IPv4,1514
1613,17.698069000,192.168.45.2,192.168.45.4,IPv4,1514
1614,17.699609000,192.168.45.2,192.168.45.4,IPv4,1514
1615,17.700400000,192.168.45.2,192.168.45.4,IPv4,1514
1616,17.701943000,192.168.45.2,192.168.45.4,IPv4,1514
1617,17.702736000,192.168.45.2,192.168.45.4,IPv4,1514
1618,17.704274000,192.168.45.2,192.168.45.4,IPv4,1514
1619,17.705818000,192.168.45.2,192.168.45.4,IPv4,1514
1620,17.707359000,192.168.45.2,192.168.45.4,IPv4,1514
1621,17.708148000,192.168.45.2,192.168.45.4,IPv4,1514
1622,17.709693000,192.168.45.2,192.168.45.4,IPv4,1514
1623,17.711983000,192.168.45.2,192.168.45.4,IPv4,1514
1624,17.713953000,192.168.45.2,192.168.45.4,UDP,893
1625,17.714719000,192.168.45.2,192.168.45.4,IPv4,1514
1626,17.716261000,192.168.45.2,192.168.45.4,IPv4,1514
1627,17.717050000,192.168.45.2,192.168.45.4,IPv4,1514
1628,17.717848000,192.168.45.2,192.168.45.4,IPv4,1514
1629,17.718629000,192.168.45.2,192.168.45.4,IPv4,1514
1630,17.720177000,192.168.45.2,192.168.45.4,IPv4,1514
1631,17.720964000,192.168.45.2,192.168.45.4,IPv4,1514
1632,17.724005000,192.168.45.2,192.168.45.4,IPv4,1514
1633,17.730044000,192.168.45.2,192.168.45.4,IPv4,1514
1634,17.730838000,192.168.45.2,192.168.45.4,IPv4,1514
1635,17.732377000,192.168.45.2,192.168.45.4,IPv4,1514
1636,17.733920000,192.168.45.2,192.168.45.4,IPv4,1514
1637,17.735092000,192.168.45.2,192.168.45.4,UDP,796
1638,17.736613000,192.168.45.2,192.168.45.4,IPv4,1514
1639,17.737402000,192.168.45.2,192.168.45.4,IPv4,1514
1640,17.738943000,192.168.45.2,192.168.45.4,IPv4,1514
1641,17.739732000,192.168.45.2,192.168.45.4,IPv4,1514
1642,17.741274000,192.168.45.2,192.168.45.4,IPv4,1514
1643,17.743569000,192.168.45.2,192.168.45.4,IPv4,1514
1644,17.744354000,192.168.45.2,192.168.45.4,IPv4,1514
1645,17.745897000,192.168.45.2,192.168.45.4,IPv4,1514
1646,17.746685000,192.168.45.2,192.168.45.4,IPv4,1514
1647,17.748228000,192.168.45.2,192.168.45.4,IPv4,1514
1648,17.749022000,192.168.45.2,192.168.45.4,IPv4,1514
1649,17.750560000,192.168.45.2,192.168.45.4,IPv4,1514
1650,17.751782000,192.168.45.2,192.168.45.4,UDP,891
1651,17.752549000,192.168.45.2,192.168.45.4,IPv4,1514
1652,17.754839000,192.168.45.2,192.168.45.4,IPv4,1514
1653,17.758630000,192.168.45.2,192.168.45.4,IPv4,1514
1654,17.760923000,192.168.45.2,192.168.45.4,IPv4,1514
1655,17.762463000,192.168.45.2,192.168.45.4,IPv4,1514
1656,17.764754000,192.168.45.2,192.168.45.4,IPv4,1514
1657,17.765543000,192.168.45.2,192.168.45.4,IPv4,1514
1658,17.767087000,192.168.45.2,192.168.45.4,IPv4,1514
1659,17.768628000,192.168.45.2,192.168.45.4,IPv4,1514
1660,17.770921000,192.168.45.2,192.168.45.4,IPv4,1514
1661,17.771774000,192.168.45.2,192.168.45.4,UDP,176
1662,17.772544000,192.168.45.2,192.168.45.4,IPv4,1514
1663,17.774088000,192.168.45.2,192.168.45.4,IPv4,1514
1664,17.777884000,192.168.45.2,192.168.45.4,IPv4,1514
1665,17.779420000,192.168.45.2,192.168.45.4,IPv4,1514
1666,17.780212000,192.168.45.2,192.168.45.4,IPv4,1514
1667,17.781753000,192.168.45.2,192.168.45.4,IPv4,1514
1668,17.783297000,192.168.45.2,192.168.45.4,IPv4,1514
1695,18.937812000,192.168.45.2,192.168.45.4,IPv4,1514
1696,18.938601000,192.168.45.2,192.168.45.4,IPv4,1514
1697,18.940145000,192.168.45.2,192.168.45.4,IPv4,1514
1698,18.940931000,192.168.45.2,192.168.45.4,IPv4,1514
1699,18.942473000,192.168.45.2,192.168.45.4,IPv4,1514
1700,18.944018000,192.168.45.2,192.168.45.4,IPv4,1514
1701,18.944806000,192.168.45.2,192.168.45.4,IPv4,1514
1714,19.252924000,192.168.45.2,192.168.45.4,IPv4,1514
1715,19.253718000,192.168.45.2,192.168.45.4,IPv4,1514
1716,19.255258000,192.168.45.2,192.168.45.4,IPv4,1514
1717,19.256048000,192.168.45.2,192.168.45.4,IPv4,1514
1718,19.258339000,192.168.45.2,192.168.45.4,IPv4,1514
1719,19.259128000,192.168.45.2,192.168.45.4,IPv4,1514
1720,19.259919000,192.168.45.2,192.168.45.4,IPv4,1514
1721,19.261462000,192.168.45.2,192.168.45.4,IPv4,1514
1722,19.263001000,192.168.45.2,192.168.45.4,IPv4,1514
1723,19.263800000,192.168.45.2,192.168.45.4,IPv4,1514
1724,19.266086000,192.168.45.2,192.168.45.4,IPv4,1514
1725,19.267624000,192.168.45.2,192.168.45.4,IPv4,1514
1726,19.268229000,192.168.45.2,192.168.45.4,UDP,1152
1727,19.269746000,192.168.45.2,192.168.45.4,IPv4,1514
1728,19.271284000,192.168.45.2,192.168.45.4,IPv4,1514
1729,19.272077000,192.168.45.2,192.168.45.4,IPv4,1514
1730,19.273618000,192.168.45.2,192.168.45.4,IPv4,1514
1731,19.275158000,192.168.45.2,192.168.45.4,IPv4,1514
1732,19.275950000,192.168.45.2,192.168.45.4,IPv4,1514
1733,19.277490000,192.168.45.2,192.168.45.4,IPv4,1514
1734,19.278284000,192.168.45.2,192.168.45.4,IPv4,1514
1735,19.279819000,192.168.45.2,192.168.45.4,IPv4,1514
1736,19.283614000,192.168.45.2,192.168.45.4,IPv4,1514
1737,19.284403000,192.168.45.2,192.168.45.4,IPv4,1514
1738,19.284469000,192.168.45.2,192.168.45.4,UDP,88
1739,19.285243000,192.168.45.2,192.168.45.4,IPv4,1514
1740,19.286784000,192.168.45.2,192.168.45.4,IPv4,1514
1741,19.288321000,192.168.45.2,192.168.45.4,IPv4,1514
1742,19.289862000,192.168.45.2,192.168.45.4,IPv4,1514
1743,19.290653000,192.168.45.2,192.168.45.4,IPv4,1514
1744,19.292942000,192.168.45.2,192.168.45.4,IPv4,1514
1745,19.293737000,192.168.45.2,192.168.45.4,IPv4,1514
1746,19.296029000,192.168.45.2,192.168.45.4,IPv4,1514
1747,19.296817000,192.168.45.2,192.168.45.4,IPv4,1514
1748,19.298361000,192.168.45.2,192.168.45.4,IPv4,1514
1749,19.299903000,192.168.45.2,192.168.45.4,IPv4,1514
1750,19.300692000,192.168.45.2,192.168.45.4,IPv4,1514
1751,19.302026000,192.168.45.2,192.168.45.4,UDP,1107
1752,19.303538000,192.168.45.2,192.168.45.4,IPv4,1514
1753,19.305081000,192.168.45.2,192.168.45.4,IPv4,1514
1754,19.306618000,192.168.45.2,192.168.45.4,IPv4,1514
1755,19.307412000,192.168.45.2,192.168.45.4,IPv4,1514
1756,19.308951000,192.168.45.2,192.168.45.4,IPv4,1514
1757,19.310493000,192.168.45.2,192.168.45.4,IPv4,1514
1758,19.311286000,192.168.45.2,192.168.45.4,IPv4,1514
1759,19.312073000,192.168.45.2,192.168.45.4,IPv4,1514
1760,19.312864000,192.168.45.2,192.168.45.4,IPv4,1514
1761,19.314405000,192.168.45.2,192.168.45.4,IPv4,1514
1762,19.317446000,192.168.45.2,192.168.45.4,IPv4,1514
1763,19.319737000,192.168.45.2,192.168.45.4,IPv4,1514
1764,19.321594000,192.168.45.2,192.168.45.4,UDP,662
1765,19.323109000,192.168.45.2,192.168.45.4,IPv4,1514
1766,19.325401000,192.168.45.2,192.168.45.4,IPv4,1514
1767,19.326943000,192.168.45.2,192.168.45.4,IPv4,1514
1768,19.329235000,192.168.45.2,192.168.45.4,IPv4,1514
1769,19.330025000,192.168.45.2,192.168.45.4,IPv4,1514
1770,19.330819000,192.168.45.2,192.168.45.4,IPv4,1514
1771,19.332354000,192.168.45.2,192.168.45.4,IPv4,1514
1772,19.335436000,192.168.45.2,192.168.45.4,IPv4,1514
1773,19.336190000,192.168.45.2,192.168.45.4,IPv4,1514
1774,19.337732000,192.168.45.2,192.168.45.4,IPv4,1514
1775,19.340022000,192.168.45.2,192.168.45.4,IPv4,1514
1776,19.340811000,192.168.45.2,192.168.45.4,IPv4,1514
1777,19.342895000,192.168.45.2,192.168.45.4,UDP,1110
1778,19.343659000,192.168.45.2,192.168.45.4,IPv4,1514
1779,19.347453000,192.168.45.2,192.168.45.4,IPv4,1514
1780,19.348241000,192.168.45.2,192.168.45.4,IPv4,1514
1781,19.351283000,192.168.45.2,192.168.45.4,IPv4,1514
1782,19.352824000,192.168.45.2,192.168.45.4,IPv4,1514
1783,19.355115000,192.168.45.2,192.168.45.4,IPv4,1514
1784,19.355904000,192.168.45.2,192.168.45.4,IPv4,1514
1785,19.357448000,192.168.45.2,192.168.45.4,IPv4,1514
1786,19.358988000,192.168.45.2,192.168.45.4,IPv4,1514
1787,19.362030000,192.168.45.2,192.168.45.4,IPv4,1514
1788,19.363566000,192.168.45.2,192.168.45.4,IPv4,1514
1789,19.364343000,192.168.45.2,192.168.45.4,UDP,90
1790,19.365156000,192.168.45.2,192.168.45.4,IPv4,1514
1791,19.367444000,192.168.45.2,192.168.45.4,IPv4,1514
1792,19.368988000,192.168.45.2,192.168.45.4,IPv4,1514
1793,19.370532000,192.168.45.2,192.168.45.4,IPv4,1514
1794,19.372069000,192.168.45.2,192.168.45.4,IPv4,1514
1795,19.373611000,192.168.45.2,192.168.45.4,IPv4,1514
1796,19.375153000,192.168.45.2,192.168.45.4,IPv4,1514
1797,19.376691000,192.168.45.2,192.168.45.4,IPv4,1514
1798,19.378235000,192.168.45.2,192.168.45.4,IPv4,1514
1799,19.379776000,192.168.45.2,192.168.45.4,IPv4,1514
1800,19.380565000,192.168.45.2,192.168.45.4,IPv4,1514
1801,19.383607000,192.168.45.2,192.168.45.4,IPv4,1514
1802,19.385430000,192.168.45.2,192.168.45.4,UDP,588
1803,19.386939000,192.168.45.2,192.168.45.4,IPv4,1514
1804,19.388484000,192.168.45.2,192.168.45.4,IPv4,1514
1805,19.390029000,192.168.45.2,192.168.45.4,IPv4,1514
1822,20.447705000,192.168.45.2,192.168.45.4,IPv4,1514
1823,20.449250000,192.168.45.2,192.168.45.4,IPv4,1514
1824,20.451541000,192.168.45.2,192.168.45.4,IPv4,1514
1825,20.453076000,192.168.45.2,192.168.45.4,IPv4,1514
1826,20.454620000,192.168.45.2,192.168.45.4,IPv4,1514
1827,20.456911000,192.168.45.2,192.168.45.4,IPv4,1514
1828,20.457706000,192.168.45.2,192.168.45.4,IPv4,1514
1829,20.458494000,192.168.45.2,192.168.45.4,IPv4,1514
1830,20.460790000,192.168.45.2,192.168.45.4,IPv4,1514
1831,20.461568000,192.168.45.2,192.168.45.4,IPv4,1514
1832,20.463115000,192.168.45.2,192.168.45.4,IPv4,1514
1833,20.463221000,192.168.45.2,192.168.45.4,UDP,174
1834,20.463995000,192.168.45.2,192.168.45.4,IPv4,1514
1835,20.465536000,192.168.45.2,192.168.45.4,IPv4,1514
1836,20.467080000,192.168.45.2,192.168.45.4,IPv4,1514
1837,20.468621000,192.168.45.2,192.168.45.4,IPv4,1514
1838,20.472409000,192.168.45.2,192.168.45.4,IPv4,1514
1839,20.475450000,192.168.45.2,192.168.45.4,IPv4,1514
1840,20.476994000,192.168.45.2,192.168.45.4,IPv4,1514
1855,20.835558000,192.168.45.2,192.168.45.4,IPv4,1514
1856,20.838597000,192.168.45.2,192.168.45.4,IPv4,1514
1857,20.840141000,192.168.45.2,192.168.45.4,IPv4,1514
1858,20.842432000,192.168.45.2,192.168.45.4,IPv4,1514
1859,20.843217000,192.168.45.2,192.168.45.4,IPv4,1514
1860,20.844012000,192.168.45.2,192.168.45.4,IPv4,1514
1861,20.845556000,192.168.45.2,192.168.45.4,IPv4,1514
1862,20.848597000,192.168.45.2,192.168.45.4,IPv4,1514
1863,20.849384000,192.168.45.2,192.168.45.4,IPv4,1514
1864,20.850928000,192.168.45.2,192.168.45.4,IPv4,1514
1865,20.852465000,192.168.45.2,192.168.45.4,IPv4,1514
1866,20.854759000,192.168.45.2,192.168.45.4,IPv4,1514
1867,20.856998000,192.168.45.2,192.168.45.4,UDP,1415
1868,20.858505000,192.168.45.2,192.168.45.4,IPv4,1514
1869,20.860797000,192.168.45.2,192.168.45.4,IPv4,1514
1870,20.861590000,192.168.45.2,192.168.45.4,IPv4,1514
1871,20.862379000,192.168.45.2,192.168.45.4,IPv4,1514
1872,20.864671000,192.168.45.2,192.168.45.4,IPv4,1514
1873,20.866213000,192.168.45.2,192.168.45.4,IPv4,1514
1888,21.213430000,192.168.45.2,192.168.45.4,IPv4,1514
1889,21.214966000,192.168.45.2,192.168.45.4,IPv4,1514
1890,21.215760000,192.168.45.2,192.168.45.4,IPv4,1514
1891,21.218800000,192.168.45.2,192.168.45.4,IPv4,1514
1892,21.219589000,192.168.45.2,192.168.45.4,IPv4,1514
1893,21.220384000,192.168.45.2,192.168.45.4,IPv4,1514
1894,21.222676000,192.168.45.2,192.168.45.4,IPv4,1514
1895,21.224217000,192.168.45.2,192.168.45.4,IPv4,1514
1896,21.225752000,192.168.45.2,192.168.45.4,IPv4,1514
1897,21.227304000,192.168.45.2,192.168.45.4,IPv4,1514
1898,21.228586000,192.168.45.2,192.168.45.4,UDP,1025
1899,21.229352000,192.168.45.2,192.168.45.4,IPv4,1514
1900,21.230892000,192.168.45.2,192.168.45.4,IPv4,1514
1901,21.231681000,192.168.45.2,192.168.45.4,IPv4,1514
1902,21.232475000,192.168.45.2,192.168.45.4,IPv4,1514
1915,21.545256000,192.168.45.2,192.168.45.4,IPv4,1514
1916,21.546796000,192.168.45.2,192.168.45.4,IPv4,1514
1917,21.547585000,192.168.45.2,192.168.45.4,IPv4,1514
1918,21.548379000,192.168.45.2,192.168.45.4,IPv4,1514
1919,21.549168000,192.168.45.2,192.168.45.4,IPv4,1514
1920,21.551458000,192.168.45.2,192.168.45.4,IPv4,1514
1921,21.553750000,192.168.45.2,192.168.45.4,IPv4,1514
1922,21.555294000,192.168.45.2,192.168.45.4,IPv4,1514
1923,21.556830000,192.168.45.2,192.168.45.4,IPv4,1514
1924,21.558373000,192.168.45.2,192.168.45.4,IPv4,1514
1925,21.559161000,192.168.45.2,192.168.45.4,IPv4,1514
1926,21.560708000,192.168.45.2,192.168.45.4,IPv4,1514
1927,21.561489000,192.168.45.2,192.168.45.4,IPv4,1514
1928,21.563035000,192.168.45.2,192.168.45.4,IPv4,1514
1942,21.842692000,192.168.45.2,192.168.45.4,IPv4,1514
1943,21.844237000,192.168.45.2,192.168.45.4,IPv4,1514
1944,21.845778000,192.168.45.2,192.168.45.4,IPv4,1514
1945,21.847320000,192.168.45.2,192.168.45.4,IPv4,1514
1946,21.848857000,192.168.45.2,192.168.45.4,IPv4,1514
1947,21.849650000,192.168.45.2,192.168.45.4,IPv4,1514
1948,21.850440000,192.168.45.2,192.168.45.4,IPv4,1514
1949,21.851983000,192.168.45.2,192.168.45.4,IPv4,1514
1950,21.853525000,192.168.45.2,192.168.45.4,IPv4,1514
1951,21.856564000,192.168.45.2,192.168.45.4,IPv4,1514
1952,21.857356000,192.168.45.2,192.168.45.4,IPv4,1514
1953,21.858148000,192.168.45.2,192.168.45.4,IPv4,1514
1954,21.860432000,192.168.45.2,192.168.45.4,IPv4,1514
1955,21.861978000,192.168.45.2,192.168.45.4,IPv4,1514
1956,21.862769000,192.168.45.2,192.168.45.4,IPv4,1514
1957,21.864688000,192.168.45.2,192.168.45.4,UDP,786
1958,21.865453000,192.168.45.2,192.168.45.4,IPv4,1514
1959,21.867746000,192.168.45.2,192.168.45.4,IPv4,1514
1960,21.868534000,192.168.45.2,192.168.45.4,IPv4,1514
1961,21.869326000,192.168.45.2,192.168.45.4,IPv4,1514
1962,21.870869000,192.168.45.2,192.168.45.4,IPv4,1514
1963,21.873160000,192.168.45.2,192.168.45.4,IPv4,1514
1964,21.876203000,192.168.45.2,192.168.45.4,IPv4,1514
1965,21.877739000,192.168.45.2,192.168.45.4,IPv4,1514
1966,21.879283000,192.168.45.2,192.168.45.4,IPv4,1514
1967,21.880069000,192.168.45.2,192.168.45.4,IPv4,1514
1968,21.880631000,192.168.45.2,192.168.45.4,UDP,1055
1969,21.882892000,192.168.45.2,192.168.45.4,IPv4,1514
1970,21.885183000,192.168.45.2,192.168.45.4,IPv4,1514
1971,21.886726000,192.168.45.2,192.168.45.4,IPv4,1514
1972,21.889768000,192.168.45.2,192.168.45.4,IPv4,1514
1973,21.891303000,192.168.45.2,192.168.45.4,IPv4,1514
1974,21.892097000,192.168.45.2,192.168.45.4,IPv4,1514
1975,21.892885000,192.168.45.2,192.168.45.4,IPv4,1514
1976,21.894431000,192.168.45.2,192.168.45.4,IPv4,1514
1977,21.895221000,192.168.45.2,192.168.45.4,IPv4,1514
1978,21.898263000,192.168.45.2,192.168.45.4,IPv4,1514
1979,21.899801000,192.168.45.2,192.168.45.4,IPv4,1514
1980,21.900006000,192.168.45.2,192.168.45.4,UDP,369
1981,21.900776000,192.168.45.2,192.168.45.4,IPv4,1514
1982,21.901572000,192.168.45.2,192.168.45.4,IPv4,1514
1983,21.902360000,192.168.45.2,192.168.45.4,IPv4,1514
1984,21.904650000,192.168.45.2,192.168.45.4,IPv4,1514
1985,21.906193000,192.168.45.2,192.168.45.4,IPv4,1514
1986,21.906982000,192.168.45.2,192.168.45.4,IPv4,1514
1987,21.907774000,192.168.45.2,192.168.45.4,IPv4,1514
1988,21.908565000,192.168.45.2,192.168.45.4,IPv4,1514
1989,21.910855000,192.168.45.2,192.168.45.4,IPv4,1514
2003,22.548337000,192.168.45.2,192.168.45.4,IPv4,1514
2004,22.549880000,192.168.45.2,192.168.45.4,IPv4,1514
2005,22.551418000,192.168.45.2,192.168.45.4,IPv4,1514
2006,22.552960000,192.168.45.2,192.168.45.4,IPv4,1514
2007,22.555251000,192.168.45.2,192.168.45.4,IPv4,1514
2008,22.558293000,192.168.45.2,192.168.45.4,IPv4,1514
2009,22.559081000,192.168.45.2,192.168.45.4,IPv4,1514
2010,22.561374000,192.168.45.2,192.168.45.4,IPv4,1514
2011,22.562920000,192.168.45.2,192.168.45.4,IPv4,1514
2012,22.564458000,192.168.45.2,192.168.45.4,IPv4,1514
2013,22.564891000,192.168.45.2,192.168.45.4,UDP,815
2014,22.565662000,192.168.45.2,192.168.45.4,IPv4,1514
2015,22.566446000,192.168.45.2,192.168.45.4,IPv4,1514
2016,22.567985000,192.168.45.2,192.168.45.4,IPv4,1514
2017,22.568779000,192.168.45.2,192.168.45.4,IPv4,1514
2018,22.570320000,192.168.45.2,192.168.45.4,IPv4,1514
2019,22.572610000,192.168.45.2,192.168.45.4,IPv4,1514
2020,22.573399000,192.168.45.2,192.168.45.4,IPv4,1514
2021,22.574194000,192.168.45.2,192.168.45.4,IPv4,1514
2022,22.574982000,192.168.45.2,192.168.45.4,IPv4,1514
2023,22.577272000,192.168.45.2,192.168.45.4,IPv4,1514
2024,22.578062000,192.168.45.2,192.168.45.4,IPv4,1514
2025,22.579604000,192.168.45.2,192.168.45.4,IPv4,1514
2026,22.580306000,192.168.45.2,192.168.45.4,UDP,1339
2027,22.581817000,192.168.45.2,192.168.45.4,IPv4,1514
2028,22.582611000,192.168.45.2,192.168.45.4,IPv4,1514
2029,22.585650000,192.168.45.2,192.168.45.4,IPv4,1514
2030,22.586439000,192.168.45.2,192.168.45.4,IPv4,1514
2031,22.587982000,192.168.45.2,192.168.45.4,IPv4,1514
2045,23.025947000,192.168.45.2,192.168.45.4,IPv4,1514
2046,23.026741000,192.168.45.2,192.168.45.4,IPv4,1514
2047,23.027530000,192.168.45.2,192.168.45.4,IPv4,1514
2048,23.029820000,192.168.45.2,192.168.45.4,IPv4,1514
2049,23.030616000,192.168.45.2,192.168.45.4,IPv4,1514
2050,23.031403000,192.168.45.2,192.168.45.4,IPv4,1514
2051,23.033695000,192.168.45.2,192.168.45.4,IPv4,1514
2052,23.035987000,192.168.45.2,192.168.45.4,IPv4,1514
2053,23.036775000,192.168.45.2,192.168.45.4,IPv4,1514
2054,23.038318000,192.168.45.2,192.168.45.4,IPv4,1514
2055,23.040609000,192.168.45.2,192.168.45.4,IPv4,1514
2056,23.041397000,192.168.45.2,192.168.45.4,IPv4,1514
2070,23.333583000,192.168.45.2,192.168.45.4,IPv4,1514
2071,23.335122000,192.168.45.2,192.168.45.4,IPv4,1514
2072,23.335917000,192.168.45.2,192.168.45.4,IPv4,1514
2073,23.337451000,192.168.45.2,192.168.45.4,IPv4,1514
2074,23.338997000,192.168.45.2,192.168.45.4,IPv4,1514
2075,23.339788000,192.168.45.2,192.168.45.4,IPv4,1514
2076,23.342074000,192.168.45.2,192.168.45.4,IPv4,1514
2077,23.344366000,192.168.45.2,192.168.45.4,IPv4,1514
2078,23.345909000,192.168.45.2,192.168.45.4,IPv4,1514
2079,23.347490000,192.168.45.2,192.168.45.4,IPv4,1514
2080,23.348240000,192.168.45.2,192.168.45.4,IPv4,1514
2081,23.349782000,192.168.45.2,192.168.45.4,IPv4,1514
2082,23.352073000,192.168.45.2,192.168.45.4,IPv4,1514
2083,23.353611000,192.168.45.2,192.168.45.4,IPv4,1514
2084,23.354406000,192.168.45.2,192.168.45.4,IPv4,1514
2085,23.354969000,192.168.45.2,192.168.45.4,UDP,1073
2086,23.355733000,192.168.45.2,192.168.45.4,IPv4,1514
2087,23.357277000,192.168.45.2,192.168.45.4,IPv4,1514
2088,23.358063000,192.168.45.2,192.168.45.4,IPv4,1514
2089,23.358861000,192.168.45.2,192.168.45.4,IPv4,1514
2102,23.712145000,192.168.45.2,192.168.45.4,IPv4,1514
2103,23.713688000,192.168.45.2,192.168.45.4,IPv4,1514
2104,23.714476000,192.168.45.2,192.168.45.4,IPv4,1514
2105,23.716018000,192.168.45.2,192.168.45.4,IPv4,1514
2106,23.716807000,192.168.45.2,192.168.45.4,IPv4,1514
2107,23.719099000,192.168.45.2,192.168.45.4,IPv4,1514
2108,23.719891000,192.168.45.2,192.168.45.4,IPv4,1514
2109,23.721430000,192.168.45.2,192.168.45.4,IPv4,1514
2110,23.722972000,192.168.45.2,192.168.45.4,IPv4,1514
2111,23.724515000,192.168.45.2,192.168.45.4,IPv4,1514
2112,23.726660000,192.168.45.2,192.168.45.4,UDP,1228
2113,23.728919000,192.168.45.2,192.168.45.4,IPv4,1514
2114,23.730464000,192.168.45.2,192.168.45.4,IPv4,1514
2115,23.732756000,192.168.45.2,192.168.45.4,IPv4,1514
2116,23.733544000,192.168.45.2,192.168.45.4,IPv4,1514
2117,23.735085000,192.168.45.2,192.168.45.4,IPv4,1514
2118,23.735873000,192.168.45.2,192.168.45.4,IPv4,1514
2119,23.737415000,192.168.45.2,192.168.45.4,IPv4,1514
2120,23.738209000,192.168.45.2,192.168.45.4,IPv4,1514
2121,23.740497000,192.168.45.2,192.168.45.4,IPv4,1514
2122,23.743537000,192.168.45.2,192.168.45.4,IPv4,1514
2123,23.745827000,192.168.45.2,192.168.45.4,IPv4,1514
2124,23.746621000,192.168.45.2,192.168.45.4,IPv4,1514
2125,23.749450000,192.168.45.2,192.168.45.4,UDP,1098
2126,23.750212000,192.168.45.2,192.168.45.4,IPv4,1514
2127,23.752503000,192.168.45.2,192.168.45.4,IPv4,1514
2128,23.753293000,192.168.45.2,192.168.45.4,IPv4,1514
2129,23.755583000,192.168.45.2,192.168.45.4,IPv4,1514
2130,23.757128000,192.168.45.2,192.168.45.4,IPv4,1514
2131,23.758669000,192.168.45.2,192.168.45.4,IPv4,1514
2132,23.760208000,192.168.45.2,192.168.45.4,IPv4,1514
2133,23.761002000,192.168.45.2,192.168.45.4,IPv4,1514
2134,23.763293000,192.168.45.2,192.168.45.4,IPv4,1514
2135,23.765582000,192.168.45.2,192.168.45.4,IPv4,1514
2136,23.767120000,192.168.45.2,192.168.45.4,IPv4,1514
2137,23.767914000,192.168.45.2,192.168.45.4,IPv4,1514
2138,23.770955000,192.168.45.2,192.168.45.4,IPv4,1514
2139,23.771744000,192.168.45.2,192.168.45.4,IPv4,1514
2140,23.773285000,192.168.45.2,192.168.45.4,IPv4,1514
2141,23.775262000,192.168.45.2,192.168.45.4,UDP,898
2142,23.776777000,192.168.45.2,192.168.45.4,IPv4,1514
2143,23.777570000,192.168.45.2,192.168.45.4,IPv4,1514
2144,23.780613000,192.168.45.2,192.168.45.4,IPv4,1514
2145,23.782150000,192.168.45.2,192.168.45.4,IPv4,1514
2146,23.782943000,192.168.45.2,192.168.45.4,IPv4,1514
2147,23.783731000,192.168.45.2,192.168.45.4,IPv4,1514
2148,23.784524000,192.168.45.2,192.168.45.4,IPv4,1514
2149,23.785315000,192.168.45.2,192.168.45.4,IPv4,1514
2150,23.786856000,192.168.45.2,192.168.45.4,IPv4,1514
2151,23.788400000,192.168.45.2,192.168.45.4,IPv4,1514
2152,23.791438000,192.168.45.2,192.168.45.4,IPv4,1514
2153,23.793730000,192.168.45.2,192.168.45.4,IPv4,1514
2154,23.794524000,192.168.45.2,192.168.45.4,IPv4,1514
2155,23.795475000,192.168.45.2,192.168.45.4,UDP,370
2156,23.796999000,192.168.45.2,192.168.45.4,IPv4,1514
2157,23.797788000,192.168.45.2,192.168.45.4,IPv4,1514
2158,23.798580000,192.168.45.2,192.168.45.4,IPv4,1514
2159,23.799370000,192.168.45.2,192.168.45.4,IPv4,1514
2160,23.800158000,192.168.45.2,192.168.45.4,IPv4,1514
2161,23.800951000,192.168.45.2,192.168.45.4,IPv4,1514
2162,23.802494000,192.168.45.2,192.168.45.4,IPv4,1514
2163,23.803281000,192.168.45.2,192.168.45.4,IPv4,1514
2164,23.806325000,192.168.45.2,192.168.45.4,IPv4,1514
2165,23.808615000,192.168.45.2,192.168.45.4,IPv4,1514
2166,23.809990000,192.168.45.2,192.168.45.4,UDP,1190
2167,23.810752000,192.168.45.2,192.168.45.4,IPv4,1514
2168,23.813793000,192.168.45.2,192.168.45.4,IPv4,1514
2169,23.815335000,192.168.45.2,192.168.45.4,IPv4,1514
2170,23.817627000,192.168.45.2,192.168.45.4,IPv4,1514
2171,23.818415000,192.168.45.2,192.168.45.4,IPv4,1514
2172,23.819208000,192.168.45.2,192.168.45.4,IPv4,1514
2173,23.820748000,192.168.45.2,192.168.45.4,IPv4,1514
2174,23.823040000,192.168.45.2,192.168.45.4,IPv4,1514
2175,23.823832000,192.168.45.2,192.168.45.4,IPv4,1514
2176,23.824620000,192.168.45.2,192.168.45.4,IPv4,1514
2177,23.825413000,192.168.45.2,192.168.45.4,IPv4,1514
2178,23.826951000,192.168.45.2,192.168.45.4,IPv4,1514
2179,23.827532000,192.168.45.2,192.168.45.4,UDP,1101
2180,23.829045000,192.168.45.2,192.168.45.4,IPv4,1514
2181,23.830586000,192.168.45.2,192.168.45.4,IPv4,1514
2182,23.831381000,192.168.45.2,192.168.45.4,IPv4,1514
2183,23.832169000,192.168.45.2,192.168.45.4,IPv4,1514
2184,23.834460000,192.168.45.2,192.168.45.4,IPv4,1514
2185,23.835249000,192.168.45.2,192.168.45.4,IPv4,1514
2186,23.836042000,192.168.45.2,192.168.45.4,IPv4,1514
2187,23.836832000,192.168.45.2,192.168.45.4,IPv4,1514
2188,23.837625000,192.168.45.2,192.168.45.4,IPv4,1514
2189,23.839167000,192.168.45.2,192.168.45.4,IPv4,1514
2190,23.841453000,192.168.45.2,192.168.45.4,IPv4,1514
2191,23.842248000,192.168.45.2,192.168.45.4,IPv4,1514
2192,23.843790000,192.168.45.2,192.168.45.4,IPv4,1514
2193,23.845328000,192.168.45.2,192.168.45.4,IPv4,1514
2194,23.846869000,192.168.45.2,192.168.45.4,IPv4,1514
2195,23.848807000,192.168.45.2,192.168.45.4,UDP,821
